episode,length,time,reward,delta
0,500.0,0.02519388899986552,-2877.0,-0.0008091692453515709
1,426.0,0.021246087999998053,-2108.0,99.99976115130912
2,119.0,0.005924714000002496,-415.0,9.999976115130906
3,25.0,0.001339024000117206,75.0,0.9999976115130949
4,29.0,0.0014884069998970517,71.0,0.09999976115130949
5,76.0,0.003867689000117025,-273.0,0.009999976115125264
6,70.0,0.003523144999917349,-366.0,0.0009999976115153686
7,71.0,0.003594522999947003,29.0,9.99997611472736e-05
8,33.0,0.0017254320000574808,67.0,9.99997611472736e-06
9,22.0,0.001146572999914497,78.0,9.999976100516506e-07
10,26.0,0.0013501680000445049,74.0,9.999976668950694e-08
11,141.0,0.007080624000082025,-338.0,9.999979511121637e-09
12,77.0,0.0038559429999622807,-373.0,1.0000036354540498e-09
13,43.0,0.0021874340000067605,-42.0,1.000017846308765e-10
14,21.0,0.0010872420000396232,79.0,1.000444171950221e-11
15,23.0,0.0012080129999958444,77.0,9.947598300641403e-13
16,29.0,0.001493526999865935,-28.0,9.947598300641403e-14
17,45.0,0.0022949530000460072,-44.0,1.4210854715202004e-14
18,20.0,0.0010366439998961141,80.0,0.0
19,27.0,0.0013854050000645657,73.0,0.0
20,17.0,0.0009490019999702781,83.0,0.0
21,16.0,0.0008520240000962076,84.0,0.0
22,18.0,0.0009399670000220794,82.0,0.0
23,39.0,0.001990767000052074,-137.0,0.0
24,36.0,0.0017980149998493289,64.0,0.0
25,16.0,0.0009378589998050302,84.0,0.0
26,19.0,0.0009899619999487186,81.0,0.0
27,43.0,0.0021437640000385727,-141.0,0.0
28,17.0,0.0009339440000530885,83.0,0.0
29,43.0,0.0021359329998631438,-141.0,0.0
30,15.0,0.00083515799997258,85.0,0.0
31,21.0,0.0010854350000499835,79.0,0.0
32,40.0,0.002003716999979588,-39.0,0.0
33,43.0,0.002140148999842495,-141.0,0.0
34,39.0,0.0020546149999063346,-38.0,0.0
35,55.0,0.002730150999923353,-153.0,0.0
36,40.0,0.0020446769999580283,-138.0,0.0
37,31.0,0.001576952000050369,-30.0,0.0
38,17.0,0.0009384610000324756,83.0,0.0
39,15.0,0.0007981129999734549,-14.0,0.0
40,26.0,0.0013242669999726786,74.0,0.0
41,19.0,0.001026705000185757,81.0,0.0
42,31.0,0.0015525569999681466,-30.0,0.0
43,14.0,0.0008065459999215818,86.0,0.0
44,22.0,0.001174884000192833,78.0,0.0
45,69.0,0.0034424299999500363,-365.0,0.0
46,15.0,0.0007935959999940678,85.0,0.0
47,20.0,0.0010294159999375552,80.0,0.0
48,19.0,0.0009941779999280698,81.0,0.0
49,33.0,0.0016579680000177177,-32.0,0.0
50,26.0,0.0013203510000039387,-25.0,0.0
51,32.0,0.0016519440000593022,-31.0,0.0
52,15.0,0.0007926929999939603,-14.0,0.0
53,16.0,0.0008981030000541068,84.0,0.0
54,15.0,0.0008345559999725083,-14.0,0.0
55,21.0,0.0010803150000811002,79.0,0.0
56,28.0,0.001420340999857217,-27.0,0.0
57,19.0,0.0010288140001648571,81.0,0.0
58,22.0,0.0011330199999974866,78.0,0.0
59,14.0,0.0007414920000883285,86.0,0.0
60,18.0,0.000979421000010916,82.0,0.0
61,16.0,0.0008396759999413916,84.0,0.0
62,77.0,0.0038158869999733724,-274.0,0.0
63,18.0,0.0009920700001657679,82.0,0.0
64,29.0,0.001517619999958697,-28.0,0.0
65,45.0,0.002246163000108936,-143.0,0.0
66,14.0,0.000743600999840055,86.0,0.0
67,18.0,0.0009360509998259658,82.0,0.0
68,16.0,0.0008390729999518953,84.0,0.0
69,17.0,0.0008851529998992191,83.0,0.0
70,40.0,0.0020320270000411256,-138.0,0.0
71,14.0,0.0007360720001088339,86.0,0.0
72,18.0,0.0009348470000531961,82.0,0.0
73,14.0,0.0007881750000251486,86.0,0.0
74,27.0,0.0014965389998451428,-26.0,0.0
75,74.0,0.00371559499990326,-271.0,0.0
76,55.0,0.0027572569999847474,-153.0,0.0
77,45.0,0.00222026200003711,-143.0,0.0
78,16.0,0.0008402779999414633,84.0,0.0
79,30.0,0.0015022610000414716,-29.0,0.0
80,18.0,0.0009264150000944937,82.0,0.0
81,32.0,0.001692302000037671,-31.0,0.0
82,16.0,0.0008360619999621122,84.0,0.0
83,36.0,0.0018419860000449262,-35.0,0.0
84,17.0,0.0008812379999199038,83.0,0.0
85,64.0,0.0031870340001205477,-162.0,0.0
86,20.0,0.0010248979999687435,-19.0,0.0
87,38.0,0.0019374589999188174,-37.0,0.0
88,44.0,0.0021928549999756797,-43.0,0.0
89,14.0,0.0007948009999836358,86.0,0.0
90,18.0,0.0010562209999989136,82.0,0.0
91,16.0,0.0008592520000547665,84.0,0.0
92,48.0,0.0028211060000558064,-47.0,0.0
93,15.0,0.0007935959999940678,-14.0,0.0
94,28.0,0.0014646140000422747,-27.0,0.0
95,22.0,0.001126395000028424,78.0,0.0
96,16.0,0.0008333509999829403,84.0,0.0
97,19.0,0.0010248990001855418,81.0,0.0
98,15.0,0.0007902830000148242,85.0,0.0
99,20.0,0.001028511999948023,80.0,0.0
100,35.0,0.0017877749999115622,-34.0,0.0
101,19.0,0.0010456790000716865,81.0,0.0
102,17.0,0.0008878630001163401,83.0,0.0
103,14.0,0.0007436010000674287,86.0,0.0
104,16.0,0.00083515799997258,84.0,0.0
105,31.0,0.0015543639999577863,-129.0,0.0
106,19.0,0.0009776140000212763,-18.0,0.0
107,14.0,0.0007369750001089415,86.0,0.0
108,17.0,0.0008845509998991474,83.0,0.0
109,16.0,0.0008336530001997744,84.0,0.0
110,18.0,0.0009718919998249476,82.0,0.0
111,38.0,0.001881139000033727,-136.0,0.0
112,46.0,0.002355490000127247,-144.0,0.0
113,44.0,0.0021744840000792465,-43.0,0.0
114,20.0,0.0010830249998434738,80.0,0.0
115,17.0,0.0008854550001160533,83.0,0.0
116,17.0,0.0008842499998991116,83.0,0.0
117,49.0,0.0024615029999495164,-48.0,0.0
118,24.0,0.0012212639999233943,76.0,0.0
119,15.0,0.000826725000024453,-14.0,0.0
120,26.0,0.0013110140000662796,74.0,0.0
121,19.0,0.0009743010000420327,81.0,0.0
122,14.0,0.0007357709998814244,86.0,0.0
123,30.0,0.0015067790000102832,-29.0,0.0
124,26.0,0.0013179420000142272,74.0,0.0
125,50.0,0.0025054750001345383,-49.0,0.0
126,17.0,0.0008875619998889306,83.0,0.0
127,14.0,0.0007914880000043922,86.0,0.0
128,30.0,0.0015134039999793458,-227.0,0.0
129,14.0,0.0007387820000985812,86.0,0.0
130,16.0,0.0008345559999725083,84.0,0.0
131,61.0,0.002980126000011296,-159.0,0.0
132,16.0,0.0009393650000220077,84.0,0.0
133,22.0,0.0011285030000180996,78.0,0.0
134,14.0,0.0007387830000880058,86.0,0.0
135,14.0,0.000742395999850487,86.0,0.0
136,17.0,0.0009243060001153935,83.0,0.0
137,15.0,0.000780345000066518,85.0,0.0
138,26.0,0.0013179410000248026,74.0,0.0
139,16.0,0.0008863579998887872,84.0,0.0
140,52.0,0.0025654089999989083,-150.0,0.0
141,16.0,0.0008806360001472058,84.0,0.0
142,30.0,0.0015070790000208945,-29.0,0.0
143,16.0,0.0008366639999621839,84.0,0.0
144,28.0,0.0014609999998356216,-27.0,0.0
145,49.0,0.0024286750001465407,-48.0,0.0
146,30.0,0.0015546649999578221,-29.0,0.0
147,21.0,0.0010764000001017848,79.0,0.0
148,17.0,0.0008863579998887872,83.0,0.0
149,34.0,0.001743201000181216,-33.0,0.0
150,14.0,0.0007396859998607397,86.0,0.0
151,35.0,0.0017868710001494037,-34.0,0.0
152,27.0,0.0013598049999927753,-26.0,0.0
153,15.0,0.0010179710000102205,85.0,0.0
154,16.0,0.0008785269999407319,84.0,0.0
155,16.0,0.000831845999982761,84.0,0.0
156,18.0,0.0009261130001050333,82.0,0.0
157,20.0,0.0010673639999367879,-19.0,0.0
158,15.0,0.0007887780000146449,85.0,0.0
159,15.0,0.0007833570000457257,85.0,0.0
160,31.0,0.0015591830001540075,-30.0,0.0
161,59.0,0.002889773999868339,-157.0,0.0
162,15.0,0.0008273280000139493,85.0,0.0
163,16.0,0.0008393740001793049,84.0,0.0
164,29.0,0.0015251499999067164,-28.0,0.0
165,49.0,0.0024654180001562054,-147.0,0.0
166,17.0,0.0008875629998783552,83.0,0.0
167,52.0,0.002592514000070878,-150.0,0.0
168,30.0,0.001505875000020751,-29.0,0.0
169,21.0,0.0011188650000804046,79.0,0.0
170,28.0,0.0014119089998985146,-27.0,0.0
171,15.0,0.0007863680000355089,85.0,0.0
172,22.0,0.0011679570000069361,78.0,0.0
173,20.0,0.00102429700018547,80.0,0.0
174,16.0,0.0008929839998472744,-15.0,0.0
175,38.0,0.0019317359999604378,-37.0,0.0
176,16.0,0.0008309419999932288,84.0,0.0
177,69.0,0.0034032769999612356,-266.0,0.0
178,18.0,0.0009303300000738091,82.0,0.0
179,41.0,0.002073891000009098,-139.0,0.0
180,16.0,0.0008321459999933722,84.0,0.0
181,21.0,0.0010760980001123244,-20.0,0.0
182,15.0,0.000788174000035724,85.0,0.0
183,16.0,0.0008517219998793735,84.0,0.0
184,15.0,0.0007863670000460843,-14.0,0.0
185,16.0,0.0008728049999717769,84.0,0.0
186,36.0,0.0017913890001182153,-35.0,0.0
187,16.0,0.0008357609999620763,84.0,0.0
188,17.0,0.0009273180000946013,83.0,0.0
189,52.0,0.0025696249999782594,-150.0,0.0
190,18.0,0.0009743010000420327,82.0,0.0
191,17.0,0.0008824429999094718,83.0,0.0
192,26.0,0.0013083039998491586,-25.0,0.0
193,14.0,0.0007664900001600472,86.0,0.0
194,16.0,0.0008312429999932647,84.0,0.0
195,20.0,0.0016835680000895081,80.0,0.0
196,29.0,0.0023946420001266233,-28.0,0.0
197,20.0,0.0010420649998650333,80.0,0.0
198,34.0,0.0017483210001500993,-33.0,0.0
199,32.0,0.0016085760000805749,-31.0,0.0
200,28.0,0.0014655170000423823,-27.0,0.0
201,17.0,0.0008863579998887872,83.0,0.0
202,58.0,0.002900013000044055,-57.0,0.0
203,37.0,0.0019251100000019505,-36.0,0.0
204,17.0,0.000922799999898416,83.0,0.0
205,14.0,0.0007402890000776097,86.0,0.0
206,40.0,0.0019859479998558527,-138.0,0.0
207,31.0,0.0015932159999465512,-30.0,0.0
208,34.0,0.0017019389999859413,-33.0,0.0
209,17.0,0.0009309320000738808,83.0,0.0
210,16.0,0.0008420849999311031,84.0,0.0
211,20.0,0.0010348380001232726,80.0,0.0
212,14.0,0.0007426980000673211,86.0,0.0
213,17.0,0.0009306309998464712,83.0,0.0
214,14.0,0.0007517320000260952,86.0,0.0
215,16.0,0.0008360619999621122,84.0,0.0
216,21.0,0.0011182630000803329,79.0,0.0
217,15.0,0.000789379000025292,85.0,0.0
218,14.0,0.0007381799998711358,86.0,0.0
219,30.0,0.0014953339998555748,-29.0,0.0
220,41.0,0.002025402000072063,-40.0,0.0
221,14.0,0.0007363730001088697,86.0,0.0
222,16.0,0.0008743109999613807,84.0,0.0
223,33.0,0.0016374879999148106,-32.0,0.0
224,16.0,0.0008315439999933005,84.0,0.0
225,32.0,0.001706456999954753,-31.0,0.0
226,14.0,0.0007387819998712075,86.0,0.0
227,16.0,0.0008348569999725441,84.0,0.0
228,14.0,0.0007773329998599365,86.0,0.0
229,16.0,0.0008318449999933364,84.0,0.0
230,18.0,0.0009300279998569749,82.0,0.0
231,14.0,0.0007366740001089056,86.0,0.0
232,34.0,0.001736574999995355,-33.0,0.0
233,36.0,0.0017950030000974948,-35.0,0.0
234,14.0,0.0007839580000563728,86.0,0.0
235,18.0,0.0009252089998881274,82.0,0.0
236,41.0,0.002031425000041054,-40.0,0.0
237,23.0,0.0013525770000342163,-22.0,0.0
238,21.0,0.0011366350001935643,79.0,0.0
239,15.0,0.0008083539999006462,85.0,0.0
240,14.0,0.0007454080000570684,86.0,0.0
241,16.0,0.0008842490001370606,84.0,0.0
242,15.0,0.0008881649998784269,85.0,0.0
243,16.0,0.0008779249999406602,84.0,0.0
244,18.0,0.000933041000052981,82.0,0.0
245,30.0,0.0015016590000413998,-29.0,0.0
246,18.0,0.0009715899998354871,82.0,0.0
247,16.0,0.0008348569999725441,84.0,0.0
248,16.0,0.0008330499999829044,84.0,0.0
249,18.0,0.0009863479999694391,82.0,0.0
250,16.0,0.0008372670001790539,84.0,0.0
251,23.0,0.0011700640000071871,77.0,0.0
252,15.0,0.0007854650000354013,85.0,0.0
253,21.0,0.0011125409998840041,79.0,0.0
254,18.0,0.0009297270000843127,82.0,0.0
255,14.0,0.0007384810000985453,86.0,0.0
256,14.0,0.0007384809998711717,86.0,0.0
257,16.0,0.0008526260000962793,84.0,0.0
258,26.0,0.0013067979998595547,-25.0,0.0
259,16.0,0.0008297370000036608,84.0,0.0
260,14.0,0.0007776340000873461,86.0,0.0
261,20.0,0.0010279099999479513,80.0,0.0
262,14.0,0.0007378790000984736,86.0,0.0
263,14.0,0.0007987159999629512,86.0,0.0
264,16.0,0.00089177900008508,84.0,0.0
265,17.0,0.0008863580001161608,83.0,0.0
266,42.0,0.002126294999925449,-41.0,0.0
267,14.0,0.0007387820000985812,86.0,0.0
268,33.0,0.0016501379998317134,-32.0,0.0
269,17.0,0.0009215959998982726,83.0,0.0
270,18.0,0.0009333410000635922,82.0,0.0
271,14.0,0.0007339640001191583,86.0,0.0
272,14.0,0.0007372759998816036,86.0,0.0
273,20.0,0.0010706770001434052,80.0,0.0
274,20.0,0.0010267049999583833,80.0,0.0
275,14.0,0.0007399870000881492,86.0,0.0
276,14.0,0.0007529370000156632,86.0,0.0
277,16.0,0.0008387719999518595,84.0,0.0
278,14.0,0.0007360709998920356,86.0,0.0
279,28.0,0.0014140160001261393,-27.0,0.0
280,16.0,0.0008824429999094718,84.0,0.0
281,17.0,0.0008854540001266287,83.0,0.0
282,14.0,0.0007420949998504511,86.0,0.0
283,33.0,0.00170163899997533,-32.0,0.0
284,16.0,0.0008450969999103108,84.0,0.0
285,47.0,0.0023762710000028164,-145.0,0.0
286,14.0,0.0007426970000778965,86.0,0.0
287,18.0,0.0010477880000507866,82.0,0.0
288,28.0,0.0014784679999593209,-27.0,0.0
289,14.0,0.0007478180000362045,86.0,0.0
290,17.0,0.0008950920000643237,-16.0,0.0
291,14.0,0.0007411919998503436,86.0,0.0
292,14.0,0.0007776340000873461,86.0,0.0
293,17.0,0.000880936000157817,83.0,0.0
294,18.0,0.000925209999877552,82.0,0.0
295,17.0,0.0009200900001360424,83.0,0.0
296,15.0,0.0007833560000563011,-14.0,0.0
297,18.0,0.0009291249998568674,82.0,0.0
298,14.0,0.0007384810000985453,86.0,0.0
299,14.0,0.0007812480000666255,86.0,0.0
300,16.0,0.0008303399999931571,84.0,0.0
301,18.0,0.0009595429999080807,82.0,0.0
302,14.0,0.0007366740001089056,86.0,0.0
303,16.0,0.0008788289999301924,84.0,0.0
304,14.0,0.0007363730001088697,86.0,0.0
305,18.0,0.000929125000084241,82.0,0.0
306,17.0,0.0008842499998991116,83.0,0.0
307,52.0,0.0025572760000613926,-51.0,0.0
308,15.0,0.0007830550000562653,85.0,0.0
309,31.0,0.0016025520001221594,-30.0,0.0
310,31.0,0.0015564719999474619,-30.0,0.0
311,14.0,0.0007830550000562653,86.0,0.0
312,15.0,0.0007863680000355089,85.0,0.0
313,15.0,0.0008261220000349567,85.0,0.0
314,39.0,0.002000404999989769,-38.0,0.0
315,15.0,0.0007929939999939961,85.0,0.0
316,16.0,0.0008375680001790897,84.0,0.0
317,16.0,0.0008357609999620763,84.0,0.0
318,15.0,0.0008095579999007896,-14.0,0.0
319,27.0,0.0013700450001579156,-26.0,0.0
320,48.0,0.0024337949998880504,-146.0,0.0
321,14.0,0.0007423960000778607,86.0,0.0
322,32.0,0.001600143000132448,-31.0,0.0
323,16.0,0.0008402779999414633,84.0,0.0
324,16.0,0.0008923810000851518,84.0,0.0
325,15.0,0.0007866700000249693,85.0,0.0
326,14.0,0.0007851640000353655,86.0,0.0
327,14.0,0.0007384809998711717,86.0,0.0
328,16.0,0.0008363630001895217,84.0,0.0
329,14.0,0.0007390829998712434,86.0,0.0
330,14.0,0.0007842590000564087,86.0,0.0
331,30.0,0.0015064780000102473,-29.0,0.0
332,18.0,0.0009300280000843486,82.0,0.0
333,14.0,0.0007821510000667331,86.0,0.0
334,18.0,0.0009330400000635564,82.0,0.0
335,14.0,0.0007384809998711717,86.0,0.0
336,17.0,0.0008836480001264135,83.0,0.0
337,28.0,0.0014555779998772778,-27.0,0.0
338,20.0,0.0010339329999169422,80.0,0.0
339,31.0,0.0016103830000702146,-30.0,0.0
340,38.0,0.0018967999999404128,-37.0,0.0
341,14.0,0.0007396860000881134,86.0,0.0
342,29.0,0.001504670000031183,-28.0,0.0
343,17.0,0.0008803339999303716,83.0,0.0
344,20.0,0.0010255010001856135,80.0,0.0
345,53.0,0.002642508999997517,-151.0,0.0
346,16.0,0.0008342549999724724,84.0,0.0
347,18.0,0.0009749030000421044,82.0,0.0
348,14.0,0.0007451070000570326,86.0,0.0
349,38.0,0.0018916799999715295,-37.0,0.0
350,33.0,0.0016968200000064826,-32.0,0.0
351,17.0,0.0008797319999302999,83.0,0.0
352,35.0,0.001789280999901166,-34.0,0.0
353,14.0,0.0007366739998815319,86.0,0.0
354,30.0,0.0015040680000311113,-29.0,0.0
355,15.0,0.0008270270000139135,85.0,0.0
356,16.0,0.0008276290000139852,84.0,0.0
357,30.0,0.001505875000020751,-29.0,0.0
358,51.0,0.0030153640000207815,-50.0,0.0
359,21.0,0.0010751950001122168,79.0,0.0
360,30.0,0.0015179219999481575,-128.0,0.0
361,14.0,0.0007396849998713151,86.0,0.0
362,15.0,0.0007875720000356523,85.0,0.0
363,14.0,0.000786067000035473,86.0,0.0
364,14.0,0.0007433000000673928,86.0,0.0
365,14.0,0.0007433000000673928,86.0,0.0
366,14.0,0.0007469140000466723,86.0,0.0
367,18.0,0.0009785170000213839,-17.0,0.0
368,16.0,0.000843590999920707,84.0,0.0
369,15.0,0.0007908850000148959,85.0,0.0
370,39.0,0.0020278109998344007,-38.0,0.0
371,16.0,0.0008333519999723649,84.0,0.0
372,32.0,0.0016465229998630093,-31.0,0.0
373,19.0,0.0009812280000005558,81.0,0.0
374,18.0,0.0009321370000634488,82.0,0.0
375,14.0,0.000737878000109049,86.0,0.0
376,16.0,0.0008803339999303716,84.0,0.0
377,15.0,0.0007875730000250769,85.0,0.0
378,32.0,0.0016007450001325196,-31.0,0.0
379,16.0,0.0008758169999509846,84.0,0.0
380,29.0,0.0014570840000942553,-28.0,0.0
381,14.0,0.0007387830000880058,86.0,0.0
382,14.0,0.0008197990000553546,86.0,0.0
383,26.0,0.00131071299983887,-25.0,0.0
384,70.0,0.0034644159998151736,-366.0,0.0
385,14.0,0.0007375779998710641,86.0,0.0
386,14.0,0.000733361000129662,86.0,0.0
387,14.0,0.0007788379998601158,86.0,0.0
388,16.0,0.0008348569999725441,84.0,0.0
389,16.0,0.000836362999962148,84.0,0.0
390,26.0,0.0013613109999823791,-25.0,0.0
391,37.0,0.0018525269999827287,-36.0,0.0
392,16.0,0.0008899720000954403,84.0,0.0
393,14.0,0.0007839580000563728,86.0,0.0
394,19.0,0.000983336999979656,81.0,0.0
395,16.0,0.0008324479999828327,84.0,0.0
396,16.0,0.0008369649999622197,84.0,0.0
397,14.0,0.0007794400000875612,86.0,0.0
398,15.0,0.0007863680000355089,85.0,0.0
399,17.0,0.000884852000126557,83.0,0.0
400,14.0,0.0007381799998711358,86.0,0.0
401,15.0,0.0007917890000044281,85.0,0.0
402,15.0,0.0007839590000457974,85.0,0.0
403,17.0,0.0008845510001265211,83.0,0.0
404,26.0,0.0013561910000134958,-25.0,0.0
405,18.0,0.0009267159998671559,82.0,0.0
406,14.0,0.0007384809998711717,86.0,0.0
407,27.0,0.0014146190001156356,-26.0,0.0
408,16.0,0.0008342549999724724,84.0,0.0
409,14.0,0.000739083000098617,86.0,0.0
410,15.0,0.0007857649998186389,85.0,0.0
411,14.0,0.0007815489998392877,86.0,0.0
412,16.0,0.0008345549999830837,84.0,0.0
413,14.0,0.0007405889998608473,86.0,0.0
414,14.0,0.0007429980000779324,86.0,0.0
415,14.0,0.0007860660000460484,86.0,0.0
416,14.0,0.0007445050000569609,86.0,0.0
417,14.0,0.0007396859998607397,86.0,0.0
418,15.0,0.0007839589998184238,85.0,0.0
419,16.0,0.0008752150001782866,84.0,0.0
420,14.0,0.0007393839998712792,86.0,0.0
421,90.0,0.0044769660000838485,-287.0,0.0
422,45.0,0.002267545999984577,-44.0,0.0
423,16.0,0.0008354589999726159,84.0,0.0
424,14.0,0.0007357709998814244,86.0,0.0
425,16.0,0.0008330499999829044,84.0,0.0
426,14.0,0.000748721000036312,86.0,0.0
427,14.0,0.0007372760001089773,86.0,0.0
428,14.0,0.0007357709998814244,86.0,0.0
429,17.0,0.0008875630001057289,83.0,0.0
430,14.0,0.0007405890000882209,86.0,0.0
431,16.0,0.0008324469999934081,84.0,0.0
432,16.0,0.0008583480000652344,84.0,0.0
433,18.0,0.0009770120000212046,82.0,0.0
434,15.0,0.0007902830000148242,85.0,0.0
435,14.0,0.0007405900000776455,86.0,0.0
436,17.0,0.0008812379999199038,-16.0,0.0
437,17.0,0.0009285230000841693,83.0,0.0
438,18.0,0.0009405700000115758,82.0,0.0
439,16.0,0.0008463010001378279,84.0,0.0
440,15.0,0.0007951019999836717,85.0,0.0
441,19.0,0.0009857449999799428,-18.0,0.0
442,14.0,0.0007526360000156274,86.0,0.0
443,20.0,0.0010327290001441725,80.0,0.0
444,17.0,0.0009360520000427641,83.0,0.0
445,17.0,0.0008893689998785703,83.0,0.0
446,17.0,0.0008899720000954403,83.0,0.0
447,39.0,0.001982333999876573,-38.0,0.0
448,37.0,0.0018440940000346018,-36.0,0.0
449,15.0,0.0008336519999829761,85.0,0.0
450,14.0,0.000742999000067357,86.0,0.0
451,26.0,0.0013191460000143707,74.0,0.0
452,14.0,0.0007414920000883285,86.0,0.0
453,14.0,0.0007857660000354372,86.0,0.0
454,17.0,0.0008863579998887872,83.0,0.0
455,16.0,0.0008375669999622914,84.0,0.0
456,57.0,0.002905134000002363,-56.0,0.0
457,14.0,0.0007411919998503436,86.0,0.0
458,15.0,0.0008005229999525909,85.0,0.0
459,15.0,0.0007884760000251845,85.0,0.0
460,16.0,0.0008348569999725441,84.0,0.0
461,28.0,0.0014085949999298464,-27.0,0.0
462,14.0,0.0007809470000665897,86.0,0.0
463,14.0,0.0007454080000570684,86.0,0.0
464,14.0,0.0007478180000362045,86.0,0.0
465,14.0,0.0007436010000674287,86.0,0.0
466,15.0,0.0008372669999516802,85.0,0.0
467,16.0,0.0008333509999829403,84.0,0.0
468,16.0,0.0008360609999726876,84.0,0.0
469,14.0,0.0007384809998711717,86.0,0.0
470,17.0,0.000942075000011755,83.0,0.0
471,14.0,0.0007423960000778607,86.0,0.0
472,45.0,0.0022832080001080612,-143.0,0.0
473,33.0,0.0016648949999762408,-32.0,0.0
474,14.0,0.0007451070000570326,86.0,0.0
475,34.0,0.0017428999999538064,-33.0,0.0
476,16.0,0.0008339539999724366,84.0,0.0
477,15.0,0.0007851630000459409,85.0,0.0
478,25.0,0.0013022810001075413,-24.0,0.0
479,14.0,0.0007369749998815678,86.0,0.0
480,14.0,0.0007384810000985453,86.0,0.0
481,27.0,0.0014555780001046514,-26.0,0.0
482,14.0,0.000741190999860919,86.0,0.0
483,14.0,0.0007393849998607038,86.0,0.0
484,30.0,0.0015510509999785427,-29.0,0.0
485,15.0,0.0007854640000459767,85.0,0.0
486,14.0,0.0007402880000881851,86.0,0.0
487,14.0,0.0007387820000985812,86.0,0.0
488,20.0,0.001081217999853834,80.0,0.0
489,27.0,0.0013766710001164029,-26.0,0.0
490,16.0,0.0008432899999206711,84.0,0.0
491,15.0,0.0008336519999829761,85.0,0.0
492,18.0,0.0009375579998049943,82.0,0.0
493,14.0,0.0007417939998504153,86.0,0.0
494,16.0,0.0008339539999724366,84.0,0.0
495,14.0,0.0008523260000856681,86.0,0.0
496,16.0,0.0008354599999620405,84.0,0.0
497,14.0,0.0007408900000882568,86.0,0.0
498,14.0,0.0007375780000984378,86.0,0.0
499,41.0,0.0020732890000090265,-40.0,0.0
500,15.0,0.0007851630000459409,85.0,0.0
501,16.0,0.0008743109999613807,84.0,0.0
502,17.0,0.0008824429999094718,83.0,0.0
503,16.0,0.0008282310000140569,84.0,0.0
504,16.0,0.0008351580001999537,84.0,0.0
505,16.0,0.0008764189999510563,84.0,0.0
506,15.0,0.0007863670000460843,85.0,0.0
507,14.0,0.0007345659998918563,86.0,0.0
508,16.0,0.000841483000158405,84.0,0.0
509,14.0,0.0008432899999206711,86.0,0.0
510,14.0,0.0007478180000362045,86.0,0.0
511,14.0,0.0007414930000777531,86.0,0.0
512,16.0,0.0008360609999726876,84.0,0.0
513,14.0,0.0007866690000355447,86.0,0.0
514,18.0,0.0009327380000740959,82.0,0.0
515,27.0,0.0013613109999823791,-26.0,0.0
516,15.0,0.0008288330000141286,85.0,0.0
517,15.0,0.0007830550000562653,85.0,0.0
518,14.0,0.0007342650001191942,86.0,0.0
519,16.0,0.0008288340000035532,84.0,0.0
520,18.0,0.0009733969998251268,82.0,0.0
521,16.0,0.0008303390000037325,84.0,0.0
522,69.0,0.0034755589999804215,-68.0,0.0
523,14.0,0.0007402879998608114,86.0,0.0
524,31.0,0.0016010459999051818,-30.0,0.0
525,14.0,0.0007384810000985453,86.0,0.0
526,16.0,0.0008333509999829403,84.0,0.0
527,51.0,0.0025678179999886197,-50.0,0.0
528,48.0,0.0023681390000547253,-47.0,0.0
529,44.0,0.0022148410000681906,-142.0,0.0
530,14.0,0.0007378789998711,86.0,0.0
531,14.0,0.000783657000056337,86.0,0.0
532,14.0,0.0007396849998713151,86.0,0.0
533,38.0,0.0018928849999610975,-37.0,0.0
534,14.0,0.0007833560000563011,86.0,0.0
535,15.0,0.0007884760000251845,85.0,0.0
536,17.0,0.0008833459999095794,83.0,0.0
537,14.0,0.0007408900000882568,86.0,0.0
538,14.0,0.0007857650000460126,86.0,0.0
539,14.0,0.0007442030000675004,86.0,0.0
540,19.0,0.0009860469999694033,81.0,0.0
541,14.0,0.0007375779998710641,86.0,0.0
542,14.0,0.0007806449998497555,86.0,0.0
543,15.0,0.0007887770000252203,85.0,0.0
544,16.0,0.0008342549999724724,84.0,0.0
545,14.0,0.0007423970000672853,86.0,0.0
546,20.0,0.0010730869998951675,80.0,0.0
547,28.0,0.0014088970001466805,-27.0,0.0
548,16.0,0.0008339539999724366,84.0,0.0
549,19.0,0.0010297170001649647,81.0,0.0
550,48.0,0.0023690430000442575,-47.0,0.0
551,14.0,0.0007833559998289275,86.0,0.0
552,27.0,0.0013576970000030997,-26.0,0.0
553,18.0,0.0009303289998570108,82.0,0.0
554,31.0,0.0015911080001842492,-30.0,0.0
555,14.0,0.0007375779998710641,86.0,0.0
556,14.0,0.0007954039999731322,86.0,0.0
557,25.0,0.0013137249998180778,-24.0,0.0
558,14.0,0.0007405900000776455,86.0,0.0
559,15.0,0.0007905840000148601,85.0,0.0
560,14.0,0.0007417930000883644,86.0,0.0
561,16.0,0.0008773229999405885,84.0,0.0
562,16.0,0.0008321469999827968,84.0,0.0
563,14.0,0.0007445050000569609,86.0,0.0
564,14.0,0.000745106000067608,86.0,0.0
565,15.0,0.000833952999983012,85.0,0.0
566,16.0,0.0008309419999932288,84.0,0.0
567,15.0,0.0007842600000458333,85.0,0.0
568,16.0,0.0008312429999932647,84.0,0.0
569,31.0,0.0015522559999681107,-30.0,0.0
570,31.0,0.001568519000102242,-30.0,0.0
571,14.0,0.0007878740000251128,86.0,0.0
572,14.0,0.0007426970000778965,86.0,0.0
573,14.0,0.0007439019998400909,86.0,0.0
574,17.0,0.0008818400001473492,83.0,0.0
575,16.0,0.0008761179999510205,84.0,0.0
576,14.0,0.0007336620001296978,86.0,0.0
577,14.0,0.0007336619999023242,86.0,0.0
578,14.0,0.0007375770001090132,86.0,0.0
579,15.0,0.0008288330000141286,85.0,0.0
580,16.0,0.000837567999951716,84.0,0.0
581,14.0,0.000739083000098617,86.0,0.0
582,16.0,0.000836362999962148,84.0,0.0
583,17.0,0.000877020999951128,83.0,0.0
584,16.0,0.0010050209998553328,84.0,0.0
585,14.0,0.0007405900000776455,86.0,0.0
586,62.0,0.003074695000123029,-259.0,0.0
587,14.0,0.0007330599999022525,86.0,0.0
588,14.0,0.0007833560000563011,86.0,0.0
589,14.0,0.0007457090000571043,86.0,0.0
590,14.0,0.0007414930000777531,86.0,0.0
591,14.0,0.000735167999891928,86.0,0.0
592,14.0,0.0007830550000562653,86.0,0.0
593,14.0,0.0007396860000881134,86.0,0.0
594,16.0,0.0008333509999829403,84.0,0.0
595,14.0,0.0007384810000985453,86.0,0.0
596,53.0,0.002713886999799797,-52.0,0.0
597,14.0,0.0007408909998503077,86.0,0.0
598,14.0,0.0007797420000770217,86.0,0.0
599,14.0,0.000739083000098617,86.0,0.0
600,14.0,0.0007366740001089056,86.0,0.0
601,14.0,0.0007378789998711,86.0,0.0
602,14.0,0.000776429000097778,86.0,0.0
603,15.0,0.000786067000035473,85.0,0.0
604,14.0,0.0007348669998918922,86.0,0.0
605,15.0,0.0007827540000562294,85.0,0.0
606,14.0,0.0007767300000978139,86.0,0.0
607,14.0,0.000735771000108798,86.0,0.0
608,15.0,0.0007842599998184596,85.0,0.0
609,15.0,0.0007842600000458333,85.0,0.0
610,14.0,0.0007767300000978139,86.0,0.0
611,14.0,0.0007875730000250769,86.0,0.0
612,16.0,0.0008360609999726876,84.0,0.0
613,30.0,0.0015603870001541509,-29.0,0.0
614,15.0,0.0007911870000043564,85.0,0.0
615,14.0,0.0007454079998296947,86.0,0.0
616,15.0,0.0007878739997977391,85.0,0.0
617,27.0,0.001402873999950316,-26.0,0.0
618,14.0,0.000735167999891928,86.0,0.0
619,18.0,0.0009339440000530885,82.0,0.0
620,14.0,0.0007414930000777531,86.0,0.0
621,14.0,0.0007363730001088697,86.0,0.0
622,18.0,0.0009288229998674069,82.0,0.0
623,16.0,0.0008330500002102781,84.0,0.0
624,14.0,0.0007806449998497555,86.0,0.0
625,26.0,0.0013733580001371593,-25.0,0.0
626,14.0,0.000741794000077789,86.0,0.0
627,14.0,0.0007378789998711,86.0,0.0
628,16.0,0.0008779250001680339,84.0,0.0
629,14.0,0.000739083999860668,86.0,0.0
630,14.0,0.0007387820000985812,86.0,0.0
631,14.0,0.0007345659998918563,86.0,0.0
632,18.0,0.0009688800000731135,82.0,0.0
633,14.0,0.000735771000108798,86.0,0.0
634,14.0,0.0007360719998814602,86.0,0.0
635,16.0,0.00083576100018945,84.0,0.0
636,16.0,0.0008336519999829761,84.0,0.0
637,16.0,0.0008312429999932647,84.0,0.0
638,15.0,0.0007908850000148959,85.0,0.0
639,14.0,0.0008213040000555338,86.0,0.0
640,15.0,0.0007926920000045357,85.0,0.0
641,27.0,0.0013727549999202893,-26.0,0.0
642,14.0,0.0007432999998400192,86.0,0.0
643,16.0,0.0008827440001368814,84.0,0.0
644,14.0,0.0007378789998711,86.0,0.0
645,15.0,0.0007878740000251128,85.0,0.0
646,14.0,0.0007372770000984019,86.0,0.0
647,14.0,0.0007574549999844749,86.0,0.0
648,19.0,0.00097701100003178,81.0,0.0
649,14.0,0.0007348669998918922,86.0,0.0
650,16.0,0.000862866000034046,84.0,0.0
651,16.0,0.00083515799997258,84.0,0.0
652,14.0,0.0007354689998919639,86.0,0.0
653,14.0,0.0007384810000985453,86.0,0.0
654,14.0,0.0008399769999414275,86.0,0.0
655,14.0,0.0007348670001192659,86.0,0.0
656,15.0,0.0007857660000354372,85.0,0.0
657,16.0,0.0008333509999829403,84.0,0.0
658,14.0,0.0007800430000770575,86.0,0.0
659,14.0,0.0007408899998608831,86.0,0.0
660,14.0,0.0007390840000880416,86.0,0.0
661,14.0,0.0007405890000882209,86.0,0.0
662,16.0,0.0008773219999511639,84.0,0.0
663,14.0,0.0007429980000779324,86.0,0.0
664,18.0,0.0009399670000220794,82.0,0.0
665,14.0,0.0007429980000779324,86.0,0.0
666,15.0,0.0008306400000037684,85.0,0.0
667,14.0,0.0007396860000881134,86.0,0.0
668,14.0,0.000739083999860668,86.0,0.0
669,16.0,0.0008860560001267004,84.0,0.0
670,14.0,0.0007833560000563011,86.0,0.0
671,14.0,0.0007354699998813885,86.0,0.0
672,14.0,0.0007360720001088339,86.0,0.0
673,14.0,0.0007330599999022525,86.0,0.0
674,14.0,0.0007818500000666972,86.0,0.0
675,16.0,0.000833952999983012,84.0,0.0
676,14.0,0.0007327590001295903,86.0,0.0
677,14.0,0.0007357709998814244,86.0,0.0
678,14.0,0.0007791400000769499,86.0,0.0
679,35.0,0.00174621299993305,-34.0,0.0
680,14.0,0.0007384809998711717,86.0,0.0
681,14.0,0.0007824530000561936,86.0,0.0
682,16.0,0.0008315439999933005,84.0,0.0
683,14.0,0.0007351680001193017,86.0,0.0
684,14.0,0.0008095589998902142,86.0,0.0
685,14.0,0.0007794400000875612,86.0,0.0
686,14.0,0.0007363730001088697,86.0,0.0
687,15.0,0.000786067000035473,85.0,0.0
688,14.0,0.0007417939998504153,86.0,0.0
689,14.0,0.0007887770000252203,86.0,0.0
690,26.0,0.0013215559999935067,-25.0,0.0
691,14.0,0.0007448049998401984,86.0,0.0
692,18.0,0.0009752050000315649,82.0,0.0
693,14.0,0.0007396850000986888,86.0,0.0
694,14.0,0.0007408900000882568,86.0,0.0
695,16.0,0.0008360609999726876,84.0,0.0
696,14.0,0.0007881750000251486,86.0,0.0
697,14.0,0.0007442030000675004,86.0,0.0
698,14.0,0.0007426969998505228,86.0,0.0
699,14.0,0.0008607580000443704,86.0,0.0
700,14.0,0.0007926929999939603,86.0,0.0
701,44.0,0.0022036970001408918,-142.0,0.0
702,14.0,0.0007466119998298382,86.0,0.0
703,16.0,0.0008818399999199755,84.0,0.0
704,28.0,0.0014203410000845906,-27.0,0.0
705,14.0,0.0007420949998504511,86.0,0.0
706,16.0,0.0008779249999406602,84.0,0.0
707,14.0,0.000741190999860919,86.0,0.0
708,14.0,0.0007387829998606321,86.0,0.0
709,15.0,0.0007863680000355089,85.0,0.0
710,17.0,0.0009267160000945296,83.0,0.0
711,15.0,0.000783657000056337,85.0,0.0
712,14.0,0.0008107629998903576,86.0,0.0
713,14.0,0.0007463120000466006,86.0,0.0
714,14.0,0.0007881750000251486,86.0,0.0
715,14.0,0.0007439020000674645,86.0,0.0
716,14.0,0.0007408900000882568,86.0,0.0
717,16.0,0.0008348569999725441,84.0,0.0
718,25.0,0.0013080030000764964,-24.0,0.0
719,14.0,0.0007378789998711,86.0,0.0
720,14.0,0.0007372769998710282,86.0,0.0
721,16.0,0.0008740100001887185,84.0,0.0
722,14.0,0.0007366739998815319,86.0,0.0
723,15.0,0.0007797420000770217,85.0,0.0
724,14.0,0.0007375770001090132,86.0,0.0
725,14.0,0.0007761269998809439,86.0,0.0
726,14.0,0.0007375770001090132,86.0,0.0
727,15.0,0.0008393749999413558,85.0,0.0
728,14.0,0.000739083000098617,86.0,0.0
729,15.0,0.0008285330000035174,85.0,0.0
730,14.0,0.0007360709998920356,86.0,0.0
731,16.0,0.0008327490002102422,84.0,0.0
732,18.0,0.0009303289998570108,82.0,0.0
733,14.0,0.0007794410000769858,86.0,0.0
734,18.0,0.000927920000094673,82.0,0.0
735,35.0,0.001737779999984923,-34.0,0.0
736,14.0,0.0007803440000770934,86.0,0.0
737,18.0,0.000927316999877803,82.0,0.0
738,14.0,0.0007405890000882209,86.0,0.0
739,14.0,0.000744204000056925,86.0,0.0
740,14.0,0.0007845610000458692,86.0,0.0
741,14.0,0.0008288330000141286,86.0,0.0
742,15.0,0.0008839479999096511,85.0,0.0
743,14.0,0.0008110640001177671,86.0,0.0
744,14.0,0.0008387719999518595,86.0,0.0
745,41.0,0.0020404599999892525,-139.0,0.0
746,16.0,0.0008815389999199397,84.0,0.0
747,16.0,0.0008360619999621122,84.0,0.0
748,14.0,0.0007381799998711358,86.0,0.0
749,16.0,0.0008357600002000254,84.0,0.0
750,14.0,0.0007833559998289275,86.0,0.0
751,14.0,0.0007381800000985095,86.0,0.0
752,14.0,0.0007375770001090132,86.0,0.0
753,28.0,0.0014531689998875663,-27.0,0.0
754,14.0,0.0007923910000044998,86.0,0.0
755,14.0,0.0007405900000776455,86.0,0.0
756,14.0,0.0007405890000882209,86.0,0.0
757,14.0,0.0007833559998289275,86.0,0.0
758,14.0,0.0007384809998711717,86.0,0.0
759,14.0,0.0007378790000984736,86.0,0.0
760,17.0,0.0008767199999510922,83.0,0.0
761,14.0,0.0007830550000562653,86.0,0.0
762,30.0,0.0015052720000312547,-29.0,0.0
763,14.0,0.0007399870000881492,86.0,0.0
764,14.0,0.0007414919998609548,86.0,0.0
765,14.0,0.0007411919998503436,86.0,0.0
766,14.0,0.0007390840000880416,86.0,0.0
767,16.0,0.0008360609999726876,84.0,0.0
768,14.0,0.0007439020000674645,86.0,0.0
769,14.0,0.0007975109999733832,86.0,0.0
770,27.0,0.0013670340001681325,-26.0,0.0
771,18.0,0.0009261129998776596,82.0,0.0
772,16.0,0.0008803339999303716,84.0,0.0
773,68.0,0.0033626189999722556,-67.0,0.0
774,16.0,0.0008333509999829403,84.0,0.0
775,15.0,0.0007836580000457616,85.0,0.0
776,14.0,0.0007339630001297337,86.0,0.0
777,14.0,0.0007779349998600082,86.0,0.0
778,14.0,0.0007363720001194451,86.0,0.0
779,14.0,0.0007433000000673928,86.0,0.0
780,14.0,0.0007393839998712792,86.0,0.0
781,14.0,0.0008387720001792331,86.0,0.0
782,14.0,0.0007432999998400192,86.0,0.0
783,38.0,0.0018835479997960647,-37.0,0.0
784,14.0,0.000779741999849648,86.0,0.0
785,16.0,0.0008327489999828686,84.0,0.0
786,16.0,0.0008366640001895576,84.0,0.0
787,14.0,0.0007381799998711358,86.0,0.0
788,14.0,0.0007866700000249693,86.0,0.0
789,14.0,0.0007496250000258442,86.0,0.0
790,14.0,0.0007411920000777172,86.0,0.0
791,41.0,0.0020693730000402866,-40.0,0.0
792,14.0,0.0007378789998711,86.0,0.0
793,14.0,0.0007321569999021449,86.0,0.0
794,16.0,0.0008315449999827251,84.0,0.0
795,14.0,0.0007405889998608473,86.0,0.0
796,39.0,0.0019317360001878114,-38.0,0.0
797,14.0,0.0007782359998600441,86.0,0.0
798,15.0,0.0007845610000458692,85.0,0.0
799,16.0,0.0008354589999726159,84.0,0.0
800,16.0,0.0008372669999516802,84.0,0.0
801,15.0,0.0008267249997970794,85.0,0.0
802,14.0,0.0007360709998920356,86.0,0.0
803,15.0,0.0007830550000562653,85.0,0.0
804,14.0,0.0007360719998814602,86.0,0.0
805,55.0,0.0027403910000884935,-153.0,0.0
806,77.0,0.0038547389999621373,-175.0,0.0
807,14.0,0.0007351680001193017,86.0,0.0
808,14.0,0.000776429000097778,86.0,0.0
809,18.0,0.0009294259998569032,82.0,0.0
810,14.0,0.0007357700001193734,86.0,0.0
811,21.0,0.001068568999926356,79.0,0.0
812,14.0,0.0007773320000978856,86.0,0.0
813,14.0,0.0007366739998815319,86.0,0.0
814,14.0,0.0007420949998504511,86.0,0.0
815,14.0,0.0007408910000776814,86.0,0.0
816,17.0,0.0009282210000947089,83.0,0.0
817,14.0,0.0007381799998711358,86.0,0.0
818,14.0,0.0007339640001191583,86.0,0.0
819,14.0,0.0007999209999525192,86.0,0.0
820,14.0,0.0007785380000768782,86.0,0.0
821,16.0,0.0008357609999620763,84.0,0.0
822,14.0,0.0007402880000881851,86.0,0.0
823,14.0,0.0007375769998816395,86.0,0.0
824,14.0,0.0007788380000874895,86.0,0.0
825,28.0,0.0014079929999297747,-27.0,0.0
826,14.0,0.0007384810000985453,86.0,0.0
827,16.0,0.0008758169999509846,84.0,0.0
828,14.0,0.0007372760001089773,86.0,0.0
829,14.0,0.0007372769998710282,86.0,0.0
830,16.0,0.0008354589999726159,84.0,0.0
831,16.0,0.0008767199999510922,84.0,0.0
832,14.0,0.0007381800000985095,86.0,0.0
833,15.0,0.0007863679998081352,85.0,0.0
834,14.0,0.0007887769997978467,86.0,0.0
835,14.0,0.0007851630000459409,86.0,0.0
836,14.0,0.0007384820000879699,86.0,0.0
837,14.0,0.0007411910000882926,86.0,0.0
838,14.0,0.0007429989998399833,86.0,0.0
839,16.0,0.0008845510001265211,84.0,0.0
840,16.0,0.0008372669999516802,84.0,0.0
841,14.0,0.000741794000077789,86.0,0.0
842,16.0,0.0008411819999309955,84.0,0.0
843,14.0,0.0007803440000770934,86.0,0.0
844,14.0,0.0007384810000985453,86.0,0.0
845,25.0,0.0012709589998394222,-24.0,0.0
846,14.0,0.0007812479998392519,86.0,0.0
847,14.0,0.0007375770001090132,86.0,0.0
848,14.0,0.0007384809998711717,86.0,0.0
849,14.0,0.0007932950002214056,86.0,0.0
850,14.0,0.0007854649998080276,86.0,0.0
851,16.0,0.0008363630001895217,84.0,0.0
852,16.0,0.0008336519999829761,84.0,0.0
853,16.0,0.0008315449999827251,84.0,0.0
854,14.0,0.0007797420000770217,86.0,0.0
855,14.0,0.0007366739998815319,86.0,0.0
856,14.0,0.0007402880000881851,86.0,0.0
857,14.0,0.0007348659999024676,86.0,0.0
858,16.0,0.0008731069999612373,84.0,0.0
859,15.0,0.000784862000045905,85.0,0.0
860,57.0,0.0028451999999106192,-56.0,0.0
861,15.0,0.000784862000045905,85.0,0.0
862,14.0,0.0007938969999941037,86.0,0.0
863,14.0,0.0007469140000466723,86.0,0.0
864,16.0,0.0008935860000747198,84.0,0.0
865,17.0,0.0008914780000850442,83.0,0.0
866,15.0,0.0007875730000250769,85.0,0.0
867,14.0,0.00073396299990236,86.0,0.0
868,15.0,0.0008267260000138776,-14.0,0.0
869,121.0,0.005872912000086217,-120.0,0.0
870,14.0,0.0007348669998918922,86.0,0.0
871,14.0,0.0007363719998920715,86.0,0.0
872,16.0,0.0008664800000133255,84.0,0.0
873,14.0,0.0007393850000880775,86.0,0.0
874,14.0,0.0007345659998918563,86.0,0.0
875,14.0,0.0007384809998711717,86.0,0.0
876,14.0,0.0007363729998814961,86.0,0.0
877,14.0,0.0007318550001400581,86.0,0.0
878,14.0,0.0007366739998815319,86.0,0.0
879,18.0,0.0009667720000834379,82.0,0.0
880,14.0,0.0007378789998711,86.0,0.0
881,14.0,0.0007360709998920356,86.0,0.0
882,15.0,0.0007863680000355089,85.0,0.0
883,14.0,0.0007375770001090132,86.0,0.0
884,14.0,0.0007393839998712792,86.0,0.0
885,17.0,0.0008803339999303716,83.0,0.0
886,14.0,0.0007354689998919639,86.0,0.0
887,14.0,0.0007369749998815678,86.0,0.0
888,16.0,0.000877624000167998,84.0,0.0
889,14.0,0.0007451069998296589,86.0,0.0
890,14.0,0.0007881739998083503,86.0,0.0
891,16.0,0.0008417839999310672,84.0,0.0
892,18.0,0.0009357510000427283,82.0,0.0
893,14.0,0.0007384810000985453,86.0,0.0
894,14.0,0.0007857660000354372,86.0,0.0
895,14.0,0.0007387819998712075,86.0,0.0
896,73.0,0.0036086789998535096,-72.0,0.0
897,14.0,0.0007399870000881492,86.0,0.0
898,16.0,0.0008378689999517519,84.0,0.0
899,14.0,0.0007806460000665538,86.0,0.0
900,14.0,0.0007767300000978139,86.0,0.0
901,14.0,0.000739083999860668,86.0,0.0
902,14.0,0.0007411920000777172,86.0,0.0
903,14.0,0.0007818500000666972,86.0,0.0
904,15.0,0.0007869710000250052,85.0,0.0
905,14.0,0.0007396860000881134,86.0,0.0
906,27.0,0.0013667319999512983,-26.0,0.0
907,15.0,0.0008327489999828686,85.0,0.0
908,14.0,0.0007405890000882209,86.0,0.0
909,15.0,0.0007905840000148601,85.0,0.0
910,14.0,0.000741794000077789,86.0,0.0
911,14.0,0.0007839590000457974,86.0,0.0
912,14.0,0.000739083999860668,86.0,0.0
913,26.0,0.0013161350000245875,-25.0,0.0
914,14.0,0.0007884760000251845,86.0,0.0
915,14.0,0.0007954029999837076,86.0,0.0
916,14.0,0.000742395999850487,86.0,0.0
917,18.0,0.0009315350000633771,82.0,0.0
918,14.0,0.000784862000045905,86.0,0.0
919,14.0,0.0007411920000777172,86.0,0.0
920,15.0,0.0007890790000146808,85.0,0.0
921,14.0,0.0007357709998814244,86.0,0.0
922,14.0,0.000776429000097778,86.0,0.0
923,16.0,0.0008276290000139852,84.0,0.0
924,14.0,0.0007399870000881492,86.0,0.0
925,14.0,0.0007372759998816036,86.0,0.0
926,14.0,0.0007794400000875612,86.0,0.0
927,16.0,0.000826725000024453,84.0,0.0
928,14.0,0.000732757999912792,86.0,0.0
929,14.0,0.00073396299990236,86.0,0.0
930,50.0,0.002557879000050889,-49.0,0.0
931,61.0,0.0030225919999793405,-60.0,0.0
932,14.0,0.000739083000098617,86.0,0.0
933,14.0,0.0007315539999126486,86.0,0.0
934,14.0,0.0007785380000768782,86.0,0.0
935,14.0,0.0007330599999022525,86.0,0.0
936,14.0,0.0007360710001194093,86.0,0.0
937,14.0,0.0007315539999126486,86.0,0.0
938,14.0,0.000784862000045905,86.0,0.0
939,14.0,0.0007420950000778248,86.0,0.0
940,36.0,0.0017977140000766667,-35.0,0.0
941,14.0,0.0008188950000658224,86.0,0.0
942,14.0,0.000741190999860919,86.0,0.0
943,14.0,0.0007375769998816395,86.0,0.0
944,15.0,0.0007851630000459409,85.0,0.0
945,14.0,0.0007782360000874178,86.0,0.0
946,14.0,0.000735167999891928,86.0,0.0
947,14.0,0.000737878000109049,86.0,0.0
948,14.0,0.0007369759998709924,86.0,0.0
949,14.0,0.0007839579998289992,86.0,0.0
950,15.0,0.0007833559998289275,85.0,0.0
951,14.0,0.000737878000109049,86.0,0.0
952,14.0,0.0007363730001088697,86.0,0.0
953,14.0,0.000779741999849648,86.0,0.0
954,16.0,0.0008312429999932647,84.0,0.0
955,14.0,0.0007366739998815319,86.0,0.0
956,15.0,0.0007818500000666972,85.0,0.0
957,16.0,0.0008770220001679263,84.0,0.0
958,27.0,0.0013579980000031355,-26.0,0.0
959,15.0,0.0007833560000563011,85.0,0.0
960,14.0,0.0007357709998814244,86.0,0.0
961,14.0,0.0007348670001192659,86.0,0.0
962,16.0,0.0008282320000034815,84.0,0.0
963,15.0,0.000789379000025292,85.0,0.0
964,16.0,0.0008833459999095794,84.0,0.0
965,14.0,0.000742999000067357,86.0,0.0
966,14.0,0.0007399870000881492,86.0,0.0
967,14.0,0.000739083000098617,86.0,0.0
968,16.0,0.0008812379999199038,84.0,0.0
969,14.0,0.0007381800000985095,86.0,0.0
970,14.0,0.0007357699998919998,86.0,0.0
971,14.0,0.0008107630001177313,86.0,0.0
972,14.0,0.0007872710000356165,86.0,0.0
973,14.0,0.0007387829998606321,86.0,0.0
974,14.0,0.0007405900000776455,86.0,0.0
975,14.0,0.0007393840000986529,86.0,0.0
976,14.0,0.0007833559998289275,86.0,0.0
977,14.0,0.0007402879998608114,86.0,0.0
978,14.0,0.0007381800000985095,86.0,0.0
979,28.0,0.0014122099998985504,-27.0,0.0
980,14.0,0.0007399870000881492,86.0,0.0
981,14.0,0.000739083000098617,86.0,0.0
982,14.0,0.0007372769998710282,86.0,0.0
983,16.0,0.0008342540002104215,84.0,0.0
984,14.0,0.0007414929998503794,86.0,0.0
985,14.0,0.0007351689998813526,86.0,0.0
986,16.0,0.0008619630000339384,84.0,0.0
987,14.0,0.0007445050000569609,86.0,0.0
988,14.0,0.0007481180000468157,86.0,0.0
989,14.0,0.0007414930000777531,86.0,0.0
990,27.0,0.0013709489999200741,-26.0,0.0
991,14.0,0.0007884760000251845,86.0,0.0
992,14.0,0.0007378789998711,86.0,0.0
993,16.0,0.0008324469999934081,84.0,0.0
994,14.0,0.0007348670001192659,86.0,0.0
995,54.0,0.0026916009999240487,-53.0,0.0
996,14.0,0.0007342650001191942,86.0,0.0
997,28.0,0.0014483499999187188,-27.0,0.0
998,14.0,0.0007339630001297337,86.0,0.0
999,14.0,0.000772513999891089,86.0,0.0
1000,0.0,0.0,0.0,0.0
1001,0.0,0.0,0.0,0.0
1002,0.0,0.0,0.0,0.0
1003,0.0,0.0,0.0,0.0
1004,0.0,0.0,0.0,0.0
1005,0.0,0.0,0.0,0.0
1006,0.0,0.0,0.0,0.0
1007,0.0,0.0,0.0,0.0
1008,0.0,0.0,0.0,0.0
1009,0.0,0.0,0.0,0.0
1010,0.0,0.0,0.0,0.0
1011,0.0,0.0,0.0,0.0
1012,0.0,0.0,0.0,0.0
1013,0.0,0.0,0.0,0.0
1014,0.0,0.0,0.0,0.0
1015,0.0,0.0,0.0,0.0
1016,0.0,0.0,0.0,0.0
1017,0.0,0.0,0.0,0.0
1018,0.0,0.0,0.0,0.0
1019,0.0,0.0,0.0,0.0
1020,0.0,0.0,0.0,0.0
1021,0.0,0.0,0.0,0.0
1022,0.0,0.0,0.0,0.0
1023,0.0,0.0,0.0,0.0
1024,0.0,0.0,0.0,0.0
1025,0.0,0.0,0.0,0.0
1026,0.0,0.0,0.0,0.0
1027,0.0,0.0,0.0,0.0
1028,0.0,0.0,0.0,0.0
1029,0.0,0.0,0.0,0.0
1030,0.0,0.0,0.0,0.0
1031,0.0,0.0,0.0,0.0
1032,0.0,0.0,0.0,0.0
1033,0.0,0.0,0.0,0.0
1034,0.0,0.0,0.0,0.0
1035,0.0,0.0,0.0,0.0
1036,0.0,0.0,0.0,0.0
1037,0.0,0.0,0.0,0.0
1038,0.0,0.0,0.0,0.0
1039,0.0,0.0,0.0,0.0
1040,0.0,0.0,0.0,0.0
1041,0.0,0.0,0.0,0.0
1042,0.0,0.0,0.0,0.0
1043,0.0,0.0,0.0,0.0
1044,0.0,0.0,0.0,0.0
1045,0.0,0.0,0.0,0.0
1046,0.0,0.0,0.0,0.0
1047,0.0,0.0,0.0,0.0
1048,0.0,0.0,0.0,0.0
1049,0.0,0.0,0.0,0.0
1050,0.0,0.0,0.0,0.0
1051,0.0,0.0,0.0,0.0
1052,0.0,0.0,0.0,0.0
1053,0.0,0.0,0.0,0.0
1054,0.0,0.0,0.0,0.0
1055,0.0,0.0,0.0,0.0
1056,0.0,0.0,0.0,0.0
1057,0.0,0.0,0.0,0.0
1058,0.0,0.0,0.0,0.0
1059,0.0,0.0,0.0,0.0
1060,0.0,0.0,0.0,0.0
1061,0.0,0.0,0.0,0.0
1062,0.0,0.0,0.0,0.0
1063,0.0,0.0,0.0,0.0
1064,0.0,0.0,0.0,0.0
1065,0.0,0.0,0.0,0.0
1066,0.0,0.0,0.0,0.0
1067,0.0,0.0,0.0,0.0
1068,0.0,0.0,0.0,0.0
1069,0.0,0.0,0.0,0.0
1070,0.0,0.0,0.0,0.0
1071,0.0,0.0,0.0,0.0
1072,0.0,0.0,0.0,0.0
1073,0.0,0.0,0.0,0.0
1074,0.0,0.0,0.0,0.0
1075,0.0,0.0,0.0,0.0
1076,0.0,0.0,0.0,0.0
1077,0.0,0.0,0.0,0.0
1078,0.0,0.0,0.0,0.0
1079,0.0,0.0,0.0,0.0
1080,0.0,0.0,0.0,0.0
1081,0.0,0.0,0.0,0.0
1082,0.0,0.0,0.0,0.0
1083,0.0,0.0,0.0,0.0
1084,0.0,0.0,0.0,0.0
1085,0.0,0.0,0.0,0.0
1086,0.0,0.0,0.0,0.0
1087,0.0,0.0,0.0,0.0
1088,0.0,0.0,0.0,0.0
1089,0.0,0.0,0.0,0.0
1090,0.0,0.0,0.0,0.0
1091,0.0,0.0,0.0,0.0
1092,0.0,0.0,0.0,0.0
1093,0.0,0.0,0.0,0.0
1094,0.0,0.0,0.0,0.0
1095,0.0,0.0,0.0,0.0
1096,0.0,0.0,0.0,0.0
1097,0.0,0.0,0.0,0.0
1098,0.0,0.0,0.0,0.0
1099,0.0,0.0,0.0,0.0
1100,0.0,0.0,0.0,0.0
1101,0.0,0.0,0.0,0.0
1102,0.0,0.0,0.0,0.0
1103,0.0,0.0,0.0,0.0
1104,0.0,0.0,0.0,0.0
1105,0.0,0.0,0.0,0.0
1106,0.0,0.0,0.0,0.0
1107,0.0,0.0,0.0,0.0
1108,0.0,0.0,0.0,0.0
1109,0.0,0.0,0.0,0.0
1110,0.0,0.0,0.0,0.0
1111,0.0,0.0,0.0,0.0
1112,0.0,0.0,0.0,0.0
1113,0.0,0.0,0.0,0.0
1114,0.0,0.0,0.0,0.0
1115,0.0,0.0,0.0,0.0
1116,0.0,0.0,0.0,0.0
1117,0.0,0.0,0.0,0.0
1118,0.0,0.0,0.0,0.0
1119,0.0,0.0,0.0,0.0
1120,0.0,0.0,0.0,0.0
1121,0.0,0.0,0.0,0.0
1122,0.0,0.0,0.0,0.0
1123,0.0,0.0,0.0,0.0
1124,0.0,0.0,0.0,0.0
1125,0.0,0.0,0.0,0.0
1126,0.0,0.0,0.0,0.0
1127,0.0,0.0,0.0,0.0
1128,0.0,0.0,0.0,0.0
1129,0.0,0.0,0.0,0.0
1130,0.0,0.0,0.0,0.0
1131,0.0,0.0,0.0,0.0
1132,0.0,0.0,0.0,0.0
1133,0.0,0.0,0.0,0.0
1134,0.0,0.0,0.0,0.0
1135,0.0,0.0,0.0,0.0
1136,0.0,0.0,0.0,0.0
1137,0.0,0.0,0.0,0.0
1138,0.0,0.0,0.0,0.0
1139,0.0,0.0,0.0,0.0
1140,0.0,0.0,0.0,0.0
1141,0.0,0.0,0.0,0.0
1142,0.0,0.0,0.0,0.0
1143,0.0,0.0,0.0,0.0
1144,0.0,0.0,0.0,0.0
1145,0.0,0.0,0.0,0.0
1146,0.0,0.0,0.0,0.0
1147,0.0,0.0,0.0,0.0
1148,0.0,0.0,0.0,0.0
1149,0.0,0.0,0.0,0.0
1150,0.0,0.0,0.0,0.0
1151,0.0,0.0,0.0,0.0
1152,0.0,0.0,0.0,0.0
1153,0.0,0.0,0.0,0.0
1154,0.0,0.0,0.0,0.0
1155,0.0,0.0,0.0,0.0
1156,0.0,0.0,0.0,0.0
1157,0.0,0.0,0.0,0.0
1158,0.0,0.0,0.0,0.0
1159,0.0,0.0,0.0,0.0
1160,0.0,0.0,0.0,0.0
1161,0.0,0.0,0.0,0.0
1162,0.0,0.0,0.0,0.0
1163,0.0,0.0,0.0,0.0
1164,0.0,0.0,0.0,0.0
1165,0.0,0.0,0.0,0.0
1166,0.0,0.0,0.0,0.0
1167,0.0,0.0,0.0,0.0
1168,0.0,0.0,0.0,0.0
1169,0.0,0.0,0.0,0.0
1170,0.0,0.0,0.0,0.0
1171,0.0,0.0,0.0,0.0
1172,0.0,0.0,0.0,0.0
1173,0.0,0.0,0.0,0.0
1174,0.0,0.0,0.0,0.0
1175,0.0,0.0,0.0,0.0
1176,0.0,0.0,0.0,0.0
1177,0.0,0.0,0.0,0.0
1178,0.0,0.0,0.0,0.0
1179,0.0,0.0,0.0,0.0
1180,0.0,0.0,0.0,0.0
1181,0.0,0.0,0.0,0.0
1182,0.0,0.0,0.0,0.0
1183,0.0,0.0,0.0,0.0
1184,0.0,0.0,0.0,0.0
1185,0.0,0.0,0.0,0.0
1186,0.0,0.0,0.0,0.0
1187,0.0,0.0,0.0,0.0
1188,0.0,0.0,0.0,0.0
1189,0.0,0.0,0.0,0.0
1190,0.0,0.0,0.0,0.0
1191,0.0,0.0,0.0,0.0
1192,0.0,0.0,0.0,0.0
1193,0.0,0.0,0.0,0.0
1194,0.0,0.0,0.0,0.0
1195,0.0,0.0,0.0,0.0
1196,0.0,0.0,0.0,0.0
1197,0.0,0.0,0.0,0.0
1198,0.0,0.0,0.0,0.0
1199,0.0,0.0,0.0,0.0
1200,0.0,0.0,0.0,0.0
1201,0.0,0.0,0.0,0.0
1202,0.0,0.0,0.0,0.0
1203,0.0,0.0,0.0,0.0
1204,0.0,0.0,0.0,0.0
1205,0.0,0.0,0.0,0.0
1206,0.0,0.0,0.0,0.0
1207,0.0,0.0,0.0,0.0
1208,0.0,0.0,0.0,0.0
1209,0.0,0.0,0.0,0.0
1210,0.0,0.0,0.0,0.0
1211,0.0,0.0,0.0,0.0
1212,0.0,0.0,0.0,0.0
1213,0.0,0.0,0.0,0.0
1214,0.0,0.0,0.0,0.0
1215,0.0,0.0,0.0,0.0
1216,0.0,0.0,0.0,0.0
1217,0.0,0.0,0.0,0.0
1218,0.0,0.0,0.0,0.0
1219,0.0,0.0,0.0,0.0
1220,0.0,0.0,0.0,0.0
1221,0.0,0.0,0.0,0.0
1222,0.0,0.0,0.0,0.0
1223,0.0,0.0,0.0,0.0
1224,0.0,0.0,0.0,0.0
1225,0.0,0.0,0.0,0.0
1226,0.0,0.0,0.0,0.0
1227,0.0,0.0,0.0,0.0
1228,0.0,0.0,0.0,0.0
1229,0.0,0.0,0.0,0.0
1230,0.0,0.0,0.0,0.0
1231,0.0,0.0,0.0,0.0
1232,0.0,0.0,0.0,0.0
1233,0.0,0.0,0.0,0.0
1234,0.0,0.0,0.0,0.0
1235,0.0,0.0,0.0,0.0
1236,0.0,0.0,0.0,0.0
1237,0.0,0.0,0.0,0.0
1238,0.0,0.0,0.0,0.0
1239,0.0,0.0,0.0,0.0
1240,0.0,0.0,0.0,0.0
1241,0.0,0.0,0.0,0.0
1242,0.0,0.0,0.0,0.0
1243,0.0,0.0,0.0,0.0
1244,0.0,0.0,0.0,0.0
1245,0.0,0.0,0.0,0.0
1246,0.0,0.0,0.0,0.0
1247,0.0,0.0,0.0,0.0
1248,0.0,0.0,0.0,0.0
1249,0.0,0.0,0.0,0.0
1250,0.0,0.0,0.0,0.0
1251,0.0,0.0,0.0,0.0
1252,0.0,0.0,0.0,0.0
1253,0.0,0.0,0.0,0.0
1254,0.0,0.0,0.0,0.0
1255,0.0,0.0,0.0,0.0
1256,0.0,0.0,0.0,0.0
1257,0.0,0.0,0.0,0.0
1258,0.0,0.0,0.0,0.0
1259,0.0,0.0,0.0,0.0
1260,0.0,0.0,0.0,0.0
1261,0.0,0.0,0.0,0.0
1262,0.0,0.0,0.0,0.0
1263,0.0,0.0,0.0,0.0
1264,0.0,0.0,0.0,0.0
1265,0.0,0.0,0.0,0.0
1266,0.0,0.0,0.0,0.0
1267,0.0,0.0,0.0,0.0
1268,0.0,0.0,0.0,0.0
1269,0.0,0.0,0.0,0.0
1270,0.0,0.0,0.0,0.0
1271,0.0,0.0,0.0,0.0
1272,0.0,0.0,0.0,0.0
1273,0.0,0.0,0.0,0.0
1274,0.0,0.0,0.0,0.0
1275,0.0,0.0,0.0,0.0
1276,0.0,0.0,0.0,0.0
1277,0.0,0.0,0.0,0.0
1278,0.0,0.0,0.0,0.0
1279,0.0,0.0,0.0,0.0
1280,0.0,0.0,0.0,0.0
1281,0.0,0.0,0.0,0.0
1282,0.0,0.0,0.0,0.0
1283,0.0,0.0,0.0,0.0
1284,0.0,0.0,0.0,0.0
1285,0.0,0.0,0.0,0.0
1286,0.0,0.0,0.0,0.0
1287,0.0,0.0,0.0,0.0
1288,0.0,0.0,0.0,0.0
1289,0.0,0.0,0.0,0.0
1290,0.0,0.0,0.0,0.0
1291,0.0,0.0,0.0,0.0
1292,0.0,0.0,0.0,0.0
1293,0.0,0.0,0.0,0.0
1294,0.0,0.0,0.0,0.0
1295,0.0,0.0,0.0,0.0
1296,0.0,0.0,0.0,0.0
1297,0.0,0.0,0.0,0.0
1298,0.0,0.0,0.0,0.0
1299,0.0,0.0,0.0,0.0
1300,0.0,0.0,0.0,0.0
1301,0.0,0.0,0.0,0.0
1302,0.0,0.0,0.0,0.0
1303,0.0,0.0,0.0,0.0
1304,0.0,0.0,0.0,0.0
1305,0.0,0.0,0.0,0.0
1306,0.0,0.0,0.0,0.0
1307,0.0,0.0,0.0,0.0
1308,0.0,0.0,0.0,0.0
1309,0.0,0.0,0.0,0.0
1310,0.0,0.0,0.0,0.0
1311,0.0,0.0,0.0,0.0
1312,0.0,0.0,0.0,0.0
1313,0.0,0.0,0.0,0.0
1314,0.0,0.0,0.0,0.0
1315,0.0,0.0,0.0,0.0
1316,0.0,0.0,0.0,0.0
1317,0.0,0.0,0.0,0.0
1318,0.0,0.0,0.0,0.0
1319,0.0,0.0,0.0,0.0
1320,0.0,0.0,0.0,0.0
1321,0.0,0.0,0.0,0.0
1322,0.0,0.0,0.0,0.0
1323,0.0,0.0,0.0,0.0
1324,0.0,0.0,0.0,0.0
1325,0.0,0.0,0.0,0.0
1326,0.0,0.0,0.0,0.0
1327,0.0,0.0,0.0,0.0
1328,0.0,0.0,0.0,0.0
1329,0.0,0.0,0.0,0.0
1330,0.0,0.0,0.0,0.0
1331,0.0,0.0,0.0,0.0
1332,0.0,0.0,0.0,0.0
1333,0.0,0.0,0.0,0.0
1334,0.0,0.0,0.0,0.0
1335,0.0,0.0,0.0,0.0
1336,0.0,0.0,0.0,0.0
1337,0.0,0.0,0.0,0.0
1338,0.0,0.0,0.0,0.0
1339,0.0,0.0,0.0,0.0
1340,0.0,0.0,0.0,0.0
1341,0.0,0.0,0.0,0.0
1342,0.0,0.0,0.0,0.0
1343,0.0,0.0,0.0,0.0
1344,0.0,0.0,0.0,0.0
1345,0.0,0.0,0.0,0.0
1346,0.0,0.0,0.0,0.0
1347,0.0,0.0,0.0,0.0
1348,0.0,0.0,0.0,0.0
1349,0.0,0.0,0.0,0.0
1350,0.0,0.0,0.0,0.0
1351,0.0,0.0,0.0,0.0
1352,0.0,0.0,0.0,0.0
1353,0.0,0.0,0.0,0.0
1354,0.0,0.0,0.0,0.0
1355,0.0,0.0,0.0,0.0
1356,0.0,0.0,0.0,0.0
1357,0.0,0.0,0.0,0.0
1358,0.0,0.0,0.0,0.0
1359,0.0,0.0,0.0,0.0
1360,0.0,0.0,0.0,0.0
1361,0.0,0.0,0.0,0.0
1362,0.0,0.0,0.0,0.0
1363,0.0,0.0,0.0,0.0
1364,0.0,0.0,0.0,0.0
1365,0.0,0.0,0.0,0.0
1366,0.0,0.0,0.0,0.0
1367,0.0,0.0,0.0,0.0
1368,0.0,0.0,0.0,0.0
1369,0.0,0.0,0.0,0.0
1370,0.0,0.0,0.0,0.0
1371,0.0,0.0,0.0,0.0
1372,0.0,0.0,0.0,0.0
1373,0.0,0.0,0.0,0.0
1374,0.0,0.0,0.0,0.0
1375,0.0,0.0,0.0,0.0
1376,0.0,0.0,0.0,0.0
1377,0.0,0.0,0.0,0.0
1378,0.0,0.0,0.0,0.0
1379,0.0,0.0,0.0,0.0
1380,0.0,0.0,0.0,0.0
1381,0.0,0.0,0.0,0.0
1382,0.0,0.0,0.0,0.0
1383,0.0,0.0,0.0,0.0
1384,0.0,0.0,0.0,0.0
1385,0.0,0.0,0.0,0.0
1386,0.0,0.0,0.0,0.0
1387,0.0,0.0,0.0,0.0
1388,0.0,0.0,0.0,0.0
1389,0.0,0.0,0.0,0.0
1390,0.0,0.0,0.0,0.0
1391,0.0,0.0,0.0,0.0
1392,0.0,0.0,0.0,0.0
1393,0.0,0.0,0.0,0.0
1394,0.0,0.0,0.0,0.0
1395,0.0,0.0,0.0,0.0
1396,0.0,0.0,0.0,0.0
1397,0.0,0.0,0.0,0.0
1398,0.0,0.0,0.0,0.0
1399,0.0,0.0,0.0,0.0
1400,0.0,0.0,0.0,0.0
1401,0.0,0.0,0.0,0.0
1402,0.0,0.0,0.0,0.0
1403,0.0,0.0,0.0,0.0
1404,0.0,0.0,0.0,0.0
1405,0.0,0.0,0.0,0.0
1406,0.0,0.0,0.0,0.0
1407,0.0,0.0,0.0,0.0
1408,0.0,0.0,0.0,0.0
1409,0.0,0.0,0.0,0.0
1410,0.0,0.0,0.0,0.0
1411,0.0,0.0,0.0,0.0
1412,0.0,0.0,0.0,0.0
1413,0.0,0.0,0.0,0.0
1414,0.0,0.0,0.0,0.0
1415,0.0,0.0,0.0,0.0
1416,0.0,0.0,0.0,0.0
1417,0.0,0.0,0.0,0.0
1418,0.0,0.0,0.0,0.0
1419,0.0,0.0,0.0,0.0
1420,0.0,0.0,0.0,0.0
1421,0.0,0.0,0.0,0.0
1422,0.0,0.0,0.0,0.0
1423,0.0,0.0,0.0,0.0
1424,0.0,0.0,0.0,0.0
1425,0.0,0.0,0.0,0.0
1426,0.0,0.0,0.0,0.0
1427,0.0,0.0,0.0,0.0
1428,0.0,0.0,0.0,0.0
1429,0.0,0.0,0.0,0.0
1430,0.0,0.0,0.0,0.0
1431,0.0,0.0,0.0,0.0
1432,0.0,0.0,0.0,0.0
1433,0.0,0.0,0.0,0.0
1434,0.0,0.0,0.0,0.0
1435,0.0,0.0,0.0,0.0
1436,0.0,0.0,0.0,0.0
1437,0.0,0.0,0.0,0.0
1438,0.0,0.0,0.0,0.0
1439,0.0,0.0,0.0,0.0
1440,0.0,0.0,0.0,0.0
1441,0.0,0.0,0.0,0.0
1442,0.0,0.0,0.0,0.0
1443,0.0,0.0,0.0,0.0
1444,0.0,0.0,0.0,0.0
1445,0.0,0.0,0.0,0.0
1446,0.0,0.0,0.0,0.0
1447,0.0,0.0,0.0,0.0
1448,0.0,0.0,0.0,0.0
1449,0.0,0.0,0.0,0.0
1450,0.0,0.0,0.0,0.0
1451,0.0,0.0,0.0,0.0
1452,0.0,0.0,0.0,0.0
1453,0.0,0.0,0.0,0.0
1454,0.0,0.0,0.0,0.0
1455,0.0,0.0,0.0,0.0
1456,0.0,0.0,0.0,0.0
1457,0.0,0.0,0.0,0.0
1458,0.0,0.0,0.0,0.0
1459,0.0,0.0,0.0,0.0
1460,0.0,0.0,0.0,0.0
1461,0.0,0.0,0.0,0.0
1462,0.0,0.0,0.0,0.0
1463,0.0,0.0,0.0,0.0
1464,0.0,0.0,0.0,0.0
1465,0.0,0.0,0.0,0.0
1466,0.0,0.0,0.0,0.0
1467,0.0,0.0,0.0,0.0
1468,0.0,0.0,0.0,0.0
1469,0.0,0.0,0.0,0.0
1470,0.0,0.0,0.0,0.0
1471,0.0,0.0,0.0,0.0
1472,0.0,0.0,0.0,0.0
1473,0.0,0.0,0.0,0.0
1474,0.0,0.0,0.0,0.0
1475,0.0,0.0,0.0,0.0
1476,0.0,0.0,0.0,0.0
1477,0.0,0.0,0.0,0.0
1478,0.0,0.0,0.0,0.0
1479,0.0,0.0,0.0,0.0
1480,0.0,0.0,0.0,0.0
1481,0.0,0.0,0.0,0.0
1482,0.0,0.0,0.0,0.0
1483,0.0,0.0,0.0,0.0
1484,0.0,0.0,0.0,0.0
1485,0.0,0.0,0.0,0.0
1486,0.0,0.0,0.0,0.0
1487,0.0,0.0,0.0,0.0
1488,0.0,0.0,0.0,0.0
1489,0.0,0.0,0.0,0.0
1490,0.0,0.0,0.0,0.0
1491,0.0,0.0,0.0,0.0
1492,0.0,0.0,0.0,0.0
1493,0.0,0.0,0.0,0.0
1494,0.0,0.0,0.0,0.0
1495,0.0,0.0,0.0,0.0
1496,0.0,0.0,0.0,0.0
1497,0.0,0.0,0.0,0.0
1498,0.0,0.0,0.0,0.0
1499,0.0,0.0,0.0,0.0
1500,0.0,0.0,0.0,0.0
1501,0.0,0.0,0.0,0.0
1502,0.0,0.0,0.0,0.0
1503,0.0,0.0,0.0,0.0
1504,0.0,0.0,0.0,0.0
1505,0.0,0.0,0.0,0.0
1506,0.0,0.0,0.0,0.0
1507,0.0,0.0,0.0,0.0
1508,0.0,0.0,0.0,0.0
1509,0.0,0.0,0.0,0.0
1510,0.0,0.0,0.0,0.0
1511,0.0,0.0,0.0,0.0
1512,0.0,0.0,0.0,0.0
1513,0.0,0.0,0.0,0.0
1514,0.0,0.0,0.0,0.0
1515,0.0,0.0,0.0,0.0
1516,0.0,0.0,0.0,0.0
1517,0.0,0.0,0.0,0.0
1518,0.0,0.0,0.0,0.0
1519,0.0,0.0,0.0,0.0
1520,0.0,0.0,0.0,0.0
1521,0.0,0.0,0.0,0.0
1522,0.0,0.0,0.0,0.0
1523,0.0,0.0,0.0,0.0
1524,0.0,0.0,0.0,0.0
1525,0.0,0.0,0.0,0.0
1526,0.0,0.0,0.0,0.0
1527,0.0,0.0,0.0,0.0
1528,0.0,0.0,0.0,0.0
1529,0.0,0.0,0.0,0.0
1530,0.0,0.0,0.0,0.0
1531,0.0,0.0,0.0,0.0
1532,0.0,0.0,0.0,0.0
1533,0.0,0.0,0.0,0.0
1534,0.0,0.0,0.0,0.0
1535,0.0,0.0,0.0,0.0
1536,0.0,0.0,0.0,0.0
1537,0.0,0.0,0.0,0.0
1538,0.0,0.0,0.0,0.0
1539,0.0,0.0,0.0,0.0
1540,0.0,0.0,0.0,0.0
1541,0.0,0.0,0.0,0.0
1542,0.0,0.0,0.0,0.0
1543,0.0,0.0,0.0,0.0
1544,0.0,0.0,0.0,0.0
1545,0.0,0.0,0.0,0.0
1546,0.0,0.0,0.0,0.0
1547,0.0,0.0,0.0,0.0
1548,0.0,0.0,0.0,0.0
1549,0.0,0.0,0.0,0.0
1550,0.0,0.0,0.0,0.0
1551,0.0,0.0,0.0,0.0
1552,0.0,0.0,0.0,0.0
1553,0.0,0.0,0.0,0.0
1554,0.0,0.0,0.0,0.0
1555,0.0,0.0,0.0,0.0
1556,0.0,0.0,0.0,0.0
1557,0.0,0.0,0.0,0.0
1558,0.0,0.0,0.0,0.0
1559,0.0,0.0,0.0,0.0
1560,0.0,0.0,0.0,0.0
1561,0.0,0.0,0.0,0.0
1562,0.0,0.0,0.0,0.0
1563,0.0,0.0,0.0,0.0
1564,0.0,0.0,0.0,0.0
1565,0.0,0.0,0.0,0.0
1566,0.0,0.0,0.0,0.0
1567,0.0,0.0,0.0,0.0
1568,0.0,0.0,0.0,0.0
1569,0.0,0.0,0.0,0.0
1570,0.0,0.0,0.0,0.0
1571,0.0,0.0,0.0,0.0
1572,0.0,0.0,0.0,0.0
1573,0.0,0.0,0.0,0.0
1574,0.0,0.0,0.0,0.0
1575,0.0,0.0,0.0,0.0
1576,0.0,0.0,0.0,0.0
1577,0.0,0.0,0.0,0.0
1578,0.0,0.0,0.0,0.0
1579,0.0,0.0,0.0,0.0
1580,0.0,0.0,0.0,0.0
1581,0.0,0.0,0.0,0.0
1582,0.0,0.0,0.0,0.0
1583,0.0,0.0,0.0,0.0
1584,0.0,0.0,0.0,0.0
1585,0.0,0.0,0.0,0.0
1586,0.0,0.0,0.0,0.0
1587,0.0,0.0,0.0,0.0
1588,0.0,0.0,0.0,0.0
1589,0.0,0.0,0.0,0.0
1590,0.0,0.0,0.0,0.0
1591,0.0,0.0,0.0,0.0
1592,0.0,0.0,0.0,0.0
1593,0.0,0.0,0.0,0.0
1594,0.0,0.0,0.0,0.0
1595,0.0,0.0,0.0,0.0
1596,0.0,0.0,0.0,0.0
1597,0.0,0.0,0.0,0.0
1598,0.0,0.0,0.0,0.0
1599,0.0,0.0,0.0,0.0
1600,0.0,0.0,0.0,0.0
1601,0.0,0.0,0.0,0.0
1602,0.0,0.0,0.0,0.0
1603,0.0,0.0,0.0,0.0
1604,0.0,0.0,0.0,0.0
1605,0.0,0.0,0.0,0.0
1606,0.0,0.0,0.0,0.0
1607,0.0,0.0,0.0,0.0
1608,0.0,0.0,0.0,0.0
1609,0.0,0.0,0.0,0.0
1610,0.0,0.0,0.0,0.0
1611,0.0,0.0,0.0,0.0
1612,0.0,0.0,0.0,0.0
1613,0.0,0.0,0.0,0.0
1614,0.0,0.0,0.0,0.0
1615,0.0,0.0,0.0,0.0
1616,0.0,0.0,0.0,0.0
1617,0.0,0.0,0.0,0.0
1618,0.0,0.0,0.0,0.0
1619,0.0,0.0,0.0,0.0
1620,0.0,0.0,0.0,0.0
1621,0.0,0.0,0.0,0.0
1622,0.0,0.0,0.0,0.0
1623,0.0,0.0,0.0,0.0
1624,0.0,0.0,0.0,0.0
1625,0.0,0.0,0.0,0.0
1626,0.0,0.0,0.0,0.0
1627,0.0,0.0,0.0,0.0
1628,0.0,0.0,0.0,0.0
1629,0.0,0.0,0.0,0.0
1630,0.0,0.0,0.0,0.0
1631,0.0,0.0,0.0,0.0
1632,0.0,0.0,0.0,0.0
1633,0.0,0.0,0.0,0.0
1634,0.0,0.0,0.0,0.0
1635,0.0,0.0,0.0,0.0
1636,0.0,0.0,0.0,0.0
1637,0.0,0.0,0.0,0.0
1638,0.0,0.0,0.0,0.0
1639,0.0,0.0,0.0,0.0
1640,0.0,0.0,0.0,0.0
1641,0.0,0.0,0.0,0.0
1642,0.0,0.0,0.0,0.0
1643,0.0,0.0,0.0,0.0
1644,0.0,0.0,0.0,0.0
1645,0.0,0.0,0.0,0.0
1646,0.0,0.0,0.0,0.0
1647,0.0,0.0,0.0,0.0
1648,0.0,0.0,0.0,0.0
1649,0.0,0.0,0.0,0.0
1650,0.0,0.0,0.0,0.0
1651,0.0,0.0,0.0,0.0
1652,0.0,0.0,0.0,0.0
1653,0.0,0.0,0.0,0.0
1654,0.0,0.0,0.0,0.0
1655,0.0,0.0,0.0,0.0
1656,0.0,0.0,0.0,0.0
1657,0.0,0.0,0.0,0.0
1658,0.0,0.0,0.0,0.0
1659,0.0,0.0,0.0,0.0
1660,0.0,0.0,0.0,0.0
1661,0.0,0.0,0.0,0.0
1662,0.0,0.0,0.0,0.0
1663,0.0,0.0,0.0,0.0
1664,0.0,0.0,0.0,0.0
1665,0.0,0.0,0.0,0.0
1666,0.0,0.0,0.0,0.0
1667,0.0,0.0,0.0,0.0
1668,0.0,0.0,0.0,0.0
1669,0.0,0.0,0.0,0.0
1670,0.0,0.0,0.0,0.0
1671,0.0,0.0,0.0,0.0
1672,0.0,0.0,0.0,0.0
1673,0.0,0.0,0.0,0.0
1674,0.0,0.0,0.0,0.0
1675,0.0,0.0,0.0,0.0
1676,0.0,0.0,0.0,0.0
1677,0.0,0.0,0.0,0.0
1678,0.0,0.0,0.0,0.0
1679,0.0,0.0,0.0,0.0
1680,0.0,0.0,0.0,0.0
1681,0.0,0.0,0.0,0.0
1682,0.0,0.0,0.0,0.0
1683,0.0,0.0,0.0,0.0
1684,0.0,0.0,0.0,0.0
1685,0.0,0.0,0.0,0.0
1686,0.0,0.0,0.0,0.0
1687,0.0,0.0,0.0,0.0
1688,0.0,0.0,0.0,0.0
1689,0.0,0.0,0.0,0.0
1690,0.0,0.0,0.0,0.0
1691,0.0,0.0,0.0,0.0
1692,0.0,0.0,0.0,0.0
1693,0.0,0.0,0.0,0.0
1694,0.0,0.0,0.0,0.0
1695,0.0,0.0,0.0,0.0
1696,0.0,0.0,0.0,0.0
1697,0.0,0.0,0.0,0.0
1698,0.0,0.0,0.0,0.0
1699,0.0,0.0,0.0,0.0
1700,0.0,0.0,0.0,0.0
1701,0.0,0.0,0.0,0.0
1702,0.0,0.0,0.0,0.0
1703,0.0,0.0,0.0,0.0
1704,0.0,0.0,0.0,0.0
1705,0.0,0.0,0.0,0.0
1706,0.0,0.0,0.0,0.0
1707,0.0,0.0,0.0,0.0
1708,0.0,0.0,0.0,0.0
1709,0.0,0.0,0.0,0.0
1710,0.0,0.0,0.0,0.0
1711,0.0,0.0,0.0,0.0
1712,0.0,0.0,0.0,0.0
1713,0.0,0.0,0.0,0.0
1714,0.0,0.0,0.0,0.0
1715,0.0,0.0,0.0,0.0
1716,0.0,0.0,0.0,0.0
1717,0.0,0.0,0.0,0.0
1718,0.0,0.0,0.0,0.0
1719,0.0,0.0,0.0,0.0
1720,0.0,0.0,0.0,0.0
1721,0.0,0.0,0.0,0.0
1722,0.0,0.0,0.0,0.0
1723,0.0,0.0,0.0,0.0
1724,0.0,0.0,0.0,0.0
1725,0.0,0.0,0.0,0.0
1726,0.0,0.0,0.0,0.0
1727,0.0,0.0,0.0,0.0
1728,0.0,0.0,0.0,0.0
1729,0.0,0.0,0.0,0.0
1730,0.0,0.0,0.0,0.0
1731,0.0,0.0,0.0,0.0
1732,0.0,0.0,0.0,0.0
1733,0.0,0.0,0.0,0.0
1734,0.0,0.0,0.0,0.0
1735,0.0,0.0,0.0,0.0
1736,0.0,0.0,0.0,0.0
1737,0.0,0.0,0.0,0.0
1738,0.0,0.0,0.0,0.0
1739,0.0,0.0,0.0,0.0
1740,0.0,0.0,0.0,0.0
1741,0.0,0.0,0.0,0.0
1742,0.0,0.0,0.0,0.0
1743,0.0,0.0,0.0,0.0
1744,0.0,0.0,0.0,0.0
1745,0.0,0.0,0.0,0.0
1746,0.0,0.0,0.0,0.0
1747,0.0,0.0,0.0,0.0
1748,0.0,0.0,0.0,0.0
1749,0.0,0.0,0.0,0.0
1750,0.0,0.0,0.0,0.0
1751,0.0,0.0,0.0,0.0
1752,0.0,0.0,0.0,0.0
1753,0.0,0.0,0.0,0.0
1754,0.0,0.0,0.0,0.0
1755,0.0,0.0,0.0,0.0
1756,0.0,0.0,0.0,0.0
1757,0.0,0.0,0.0,0.0
1758,0.0,0.0,0.0,0.0
1759,0.0,0.0,0.0,0.0
1760,0.0,0.0,0.0,0.0
1761,0.0,0.0,0.0,0.0
1762,0.0,0.0,0.0,0.0
1763,0.0,0.0,0.0,0.0
1764,0.0,0.0,0.0,0.0
1765,0.0,0.0,0.0,0.0
1766,0.0,0.0,0.0,0.0
1767,0.0,0.0,0.0,0.0
1768,0.0,0.0,0.0,0.0
1769,0.0,0.0,0.0,0.0
1770,0.0,0.0,0.0,0.0
1771,0.0,0.0,0.0,0.0
1772,0.0,0.0,0.0,0.0
1773,0.0,0.0,0.0,0.0
1774,0.0,0.0,0.0,0.0
1775,0.0,0.0,0.0,0.0
1776,0.0,0.0,0.0,0.0
1777,0.0,0.0,0.0,0.0
1778,0.0,0.0,0.0,0.0
1779,0.0,0.0,0.0,0.0
1780,0.0,0.0,0.0,0.0
1781,0.0,0.0,0.0,0.0
1782,0.0,0.0,0.0,0.0
1783,0.0,0.0,0.0,0.0
1784,0.0,0.0,0.0,0.0
1785,0.0,0.0,0.0,0.0
1786,0.0,0.0,0.0,0.0
1787,0.0,0.0,0.0,0.0
1788,0.0,0.0,0.0,0.0
1789,0.0,0.0,0.0,0.0
1790,0.0,0.0,0.0,0.0
1791,0.0,0.0,0.0,0.0
1792,0.0,0.0,0.0,0.0
1793,0.0,0.0,0.0,0.0
1794,0.0,0.0,0.0,0.0
1795,0.0,0.0,0.0,0.0
1796,0.0,0.0,0.0,0.0
1797,0.0,0.0,0.0,0.0
1798,0.0,0.0,0.0,0.0
1799,0.0,0.0,0.0,0.0
1800,0.0,0.0,0.0,0.0
1801,0.0,0.0,0.0,0.0
1802,0.0,0.0,0.0,0.0
1803,0.0,0.0,0.0,0.0
1804,0.0,0.0,0.0,0.0
1805,0.0,0.0,0.0,0.0
1806,0.0,0.0,0.0,0.0
1807,0.0,0.0,0.0,0.0
1808,0.0,0.0,0.0,0.0
1809,0.0,0.0,0.0,0.0
1810,0.0,0.0,0.0,0.0
1811,0.0,0.0,0.0,0.0
1812,0.0,0.0,0.0,0.0
1813,0.0,0.0,0.0,0.0
1814,0.0,0.0,0.0,0.0
1815,0.0,0.0,0.0,0.0
1816,0.0,0.0,0.0,0.0
1817,0.0,0.0,0.0,0.0
1818,0.0,0.0,0.0,0.0
1819,0.0,0.0,0.0,0.0
1820,0.0,0.0,0.0,0.0
1821,0.0,0.0,0.0,0.0
1822,0.0,0.0,0.0,0.0
1823,0.0,0.0,0.0,0.0
1824,0.0,0.0,0.0,0.0
1825,0.0,0.0,0.0,0.0
1826,0.0,0.0,0.0,0.0
1827,0.0,0.0,0.0,0.0
1828,0.0,0.0,0.0,0.0
1829,0.0,0.0,0.0,0.0
1830,0.0,0.0,0.0,0.0
1831,0.0,0.0,0.0,0.0
1832,0.0,0.0,0.0,0.0
1833,0.0,0.0,0.0,0.0
1834,0.0,0.0,0.0,0.0
1835,0.0,0.0,0.0,0.0
1836,0.0,0.0,0.0,0.0
1837,0.0,0.0,0.0,0.0
1838,0.0,0.0,0.0,0.0
1839,0.0,0.0,0.0,0.0
1840,0.0,0.0,0.0,0.0
1841,0.0,0.0,0.0,0.0
1842,0.0,0.0,0.0,0.0
1843,0.0,0.0,0.0,0.0
1844,0.0,0.0,0.0,0.0
1845,0.0,0.0,0.0,0.0
1846,0.0,0.0,0.0,0.0
1847,0.0,0.0,0.0,0.0
1848,0.0,0.0,0.0,0.0
1849,0.0,0.0,0.0,0.0
1850,0.0,0.0,0.0,0.0
1851,0.0,0.0,0.0,0.0
1852,0.0,0.0,0.0,0.0
1853,0.0,0.0,0.0,0.0
1854,0.0,0.0,0.0,0.0
1855,0.0,0.0,0.0,0.0
1856,0.0,0.0,0.0,0.0
1857,0.0,0.0,0.0,0.0
1858,0.0,0.0,0.0,0.0
1859,0.0,0.0,0.0,0.0
1860,0.0,0.0,0.0,0.0
1861,0.0,0.0,0.0,0.0
1862,0.0,0.0,0.0,0.0
1863,0.0,0.0,0.0,0.0
1864,0.0,0.0,0.0,0.0
1865,0.0,0.0,0.0,0.0
1866,0.0,0.0,0.0,0.0
1867,0.0,0.0,0.0,0.0
1868,0.0,0.0,0.0,0.0
1869,0.0,0.0,0.0,0.0
1870,0.0,0.0,0.0,0.0
1871,0.0,0.0,0.0,0.0
1872,0.0,0.0,0.0,0.0
1873,0.0,0.0,0.0,0.0
1874,0.0,0.0,0.0,0.0
1875,0.0,0.0,0.0,0.0
1876,0.0,0.0,0.0,0.0
1877,0.0,0.0,0.0,0.0
1878,0.0,0.0,0.0,0.0
1879,0.0,0.0,0.0,0.0
1880,0.0,0.0,0.0,0.0
1881,0.0,0.0,0.0,0.0
1882,0.0,0.0,0.0,0.0
1883,0.0,0.0,0.0,0.0
1884,0.0,0.0,0.0,0.0
1885,0.0,0.0,0.0,0.0
1886,0.0,0.0,0.0,0.0
1887,0.0,0.0,0.0,0.0
1888,0.0,0.0,0.0,0.0
1889,0.0,0.0,0.0,0.0
1890,0.0,0.0,0.0,0.0
1891,0.0,0.0,0.0,0.0
1892,0.0,0.0,0.0,0.0
1893,0.0,0.0,0.0,0.0
1894,0.0,0.0,0.0,0.0
1895,0.0,0.0,0.0,0.0
1896,0.0,0.0,0.0,0.0
1897,0.0,0.0,0.0,0.0
1898,0.0,0.0,0.0,0.0
1899,0.0,0.0,0.0,0.0
1900,0.0,0.0,0.0,0.0
1901,0.0,0.0,0.0,0.0
1902,0.0,0.0,0.0,0.0
1903,0.0,0.0,0.0,0.0
1904,0.0,0.0,0.0,0.0
1905,0.0,0.0,0.0,0.0
1906,0.0,0.0,0.0,0.0
1907,0.0,0.0,0.0,0.0
1908,0.0,0.0,0.0,0.0
1909,0.0,0.0,0.0,0.0
1910,0.0,0.0,0.0,0.0
1911,0.0,0.0,0.0,0.0
1912,0.0,0.0,0.0,0.0
1913,0.0,0.0,0.0,0.0
1914,0.0,0.0,0.0,0.0
1915,0.0,0.0,0.0,0.0
1916,0.0,0.0,0.0,0.0
1917,0.0,0.0,0.0,0.0
1918,0.0,0.0,0.0,0.0
1919,0.0,0.0,0.0,0.0
1920,0.0,0.0,0.0,0.0
1921,0.0,0.0,0.0,0.0
1922,0.0,0.0,0.0,0.0
1923,0.0,0.0,0.0,0.0
1924,0.0,0.0,0.0,0.0
1925,0.0,0.0,0.0,0.0
1926,0.0,0.0,0.0,0.0
1927,0.0,0.0,0.0,0.0
1928,0.0,0.0,0.0,0.0
1929,0.0,0.0,0.0,0.0
1930,0.0,0.0,0.0,0.0
1931,0.0,0.0,0.0,0.0
1932,0.0,0.0,0.0,0.0
1933,0.0,0.0,0.0,0.0
1934,0.0,0.0,0.0,0.0
1935,0.0,0.0,0.0,0.0
1936,0.0,0.0,0.0,0.0
1937,0.0,0.0,0.0,0.0
1938,0.0,0.0,0.0,0.0
1939,0.0,0.0,0.0,0.0
1940,0.0,0.0,0.0,0.0
1941,0.0,0.0,0.0,0.0
1942,0.0,0.0,0.0,0.0
1943,0.0,0.0,0.0,0.0
1944,0.0,0.0,0.0,0.0
1945,0.0,0.0,0.0,0.0
1946,0.0,0.0,0.0,0.0
1947,0.0,0.0,0.0,0.0
1948,0.0,0.0,0.0,0.0
1949,0.0,0.0,0.0,0.0
1950,0.0,0.0,0.0,0.0
1951,0.0,0.0,0.0,0.0
1952,0.0,0.0,0.0,0.0
1953,0.0,0.0,0.0,0.0
1954,0.0,0.0,0.0,0.0
1955,0.0,0.0,0.0,0.0
1956,0.0,0.0,0.0,0.0
1957,0.0,0.0,0.0,0.0
1958,0.0,0.0,0.0,0.0
1959,0.0,0.0,0.0,0.0
1960,0.0,0.0,0.0,0.0
1961,0.0,0.0,0.0,0.0
1962,0.0,0.0,0.0,0.0
1963,0.0,0.0,0.0,0.0
1964,0.0,0.0,0.0,0.0
1965,0.0,0.0,0.0,0.0
1966,0.0,0.0,0.0,0.0
1967,0.0,0.0,0.0,0.0
1968,0.0,0.0,0.0,0.0
1969,0.0,0.0,0.0,0.0
1970,0.0,0.0,0.0,0.0
1971,0.0,0.0,0.0,0.0
1972,0.0,0.0,0.0,0.0
1973,0.0,0.0,0.0,0.0
1974,0.0,0.0,0.0,0.0
1975,0.0,0.0,0.0,0.0
1976,0.0,0.0,0.0,0.0
1977,0.0,0.0,0.0,0.0
1978,0.0,0.0,0.0,0.0
1979,0.0,0.0,0.0,0.0
1980,0.0,0.0,0.0,0.0
1981,0.0,0.0,0.0,0.0
1982,0.0,0.0,0.0,0.0
1983,0.0,0.0,0.0,0.0
1984,0.0,0.0,0.0,0.0
1985,0.0,0.0,0.0,0.0
1986,0.0,0.0,0.0,0.0
1987,0.0,0.0,0.0,0.0
1988,0.0,0.0,0.0,0.0
1989,0.0,0.0,0.0,0.0
1990,0.0,0.0,0.0,0.0
1991,0.0,0.0,0.0,0.0
1992,0.0,0.0,0.0,0.0
1993,0.0,0.0,0.0,0.0
1994,0.0,0.0,0.0,0.0
1995,0.0,0.0,0.0,0.0
1996,0.0,0.0,0.0,0.0
1997,0.0,0.0,0.0,0.0
1998,0.0,0.0,0.0,0.0
1999,0.0,0.0,0.0,0.0
