mean_fit_time,std_fit_time,mean_score_time,std_score_time,param_SVM__alpha,param_SVM__gamma_frac,param_SVM__n_iter,params,split0_test_score,split1_test_score,split2_test_score,split3_test_score,split4_test_score,mean_test_score,std_test_score,rank_test_score,split0_train_score,split1_train_score,split2_train_score,split3_train_score,split4_train_score,mean_train_score,std_train_score
2.1251503467559814,0.10457578580134334,0.009373855590820313,0.00765372113507935,0.1,0.05,1118,"{'SVM__alpha': 0.1, 'SVM__gamma_frac': 0.05, 'SVM__n_iter': 1118}",0.7422680412371134,0.5792317924842034,0.5166666666666667,0.5307426597582038,0.5166666666666665,0.5774141278344138,0.08584919303680168,170,0.7611057060075055,0.633787005655758,0.5327868852459016,0.7073008006099885,0.5778688524590164,0.642569849995634,0.08313423111339636
1.918849277496338,0.141616760404247,0.003124856948852539,0.006249713897705078,0.1,0.15000000000000002,1118,"{'SVM__alpha': 0.1, 'SVM__gamma_frac': 0.15000000000000002, 'SVM__n_iter': 1118}",0.8067010309278352,0.7248087795144662,0.7738341968911917,0.6809153713298791,0.7338514680483592,0.7440998556189462,0.043075965206327275,91,0.7504356751093197,0.7501470069387277,0.7591604185199305,0.7479984750285932,0.7574660058457238,0.7530415162884591,0.004418550217796358
1.7500965595245361,0.09110328831381571,0.003124094009399414,0.006248188018798828,0.1,0.25000000000000006,1118,"{'SVM__alpha': 0.1, 'SVM__gamma_frac': 0.25000000000000006, 'SVM__n_iter': 1118}",0.7899068839374792,0.7454273362154971,0.7971502590673574,0.7338514680483592,0.7238341968911917,0.7580684634387491,0.029845818007048455,64,0.7673976029850428,0.775373397624368,0.7772482738170882,0.7706082941500403,0.7861121701190326,0.7753479477391144,0.006405508070350623
1.7720816612243653,0.062229269778377644,0.009372377395629882,0.007652516562339291,0.1,0.35000000000000003,1118,"{'SVM__alpha': 0.1, 'SVM__gamma_frac': 0.35000000000000003, 'SVM__n_iter': 1118}",0.83372131692717,0.7660458929165279,0.8049222797927461,0.7571675302245251,0.744559585492228,0.7813498100209566,0.0330998387617497,43,0.7909347503020325,0.7971143874354507,0.794044139450163,0.7899881391112805,0.8117295717371966,0.7967621976072247,0.007891529341871492
1.746970272064209,0.05446309916921391,0.003124570846557617,0.006249141693115233,0.1,0.45000000000000007,1118,"{'SVM__alpha': 0.1, 'SVM__gamma_frac': 0.45000000000000007, 'SVM__n_iter': 1118}",0.83372131692717,0.7737778516794145,0.8101036269430052,0.7778929188255613,0.7612262521588948,0.791388737153088,0.026647577514333175,33,0.8008884564806006,0.7950669817069912,0.7957597322827975,0.808075994408438,0.8168975303935273,0.8033377390544709,0.008223741287482595
1.781379508972168,0.036973000078691545,0.006250143051147461,0.007654830650698251,0.1,0.5500000000000002,1118,"{'SVM__alpha': 0.1, 'SVM__gamma_frac': 0.5500000000000002, 'SVM__n_iter': 1118}",0.8124376454938478,0.7789324908546723,0.8101036269430052,0.7778929188255613,0.7689982728842834,0.7896944818927636,0.017983835247970884,36,0.8017865352335541,0.7950669817069912,0.8035116702672936,0.8177659168890583,0.8306858135298852,0.8097633835253564,0.012810049736592636
1.7282420158386231,0.07564763138236258,0.0031251907348632812,0.0062503814697265625,0.1,0.6500000000000001,1118,"{'SVM__alpha': 0.1, 'SVM__gamma_frac': 0.6500000000000001, 'SVM__n_iter': 1118}",0.8124376454938478,0.7918190887928167,0.7986183074265976,0.78566493955095,0.7689982728842834,0.7915456158567362,0.014351032977773001,32,0.8069611794767623,0.7963606427677934,0.8015736857711696,0.8203498962172237,0.8278794425382301,0.8106249693542358,0.011756795065660451
1.709468698501587,0.08926220914498188,0.006249380111694336,0.0076538962415455694,0.1,0.7500000000000002,1118,"{'SVM__alpha': 0.1, 'SVM__gamma_frac': 0.7500000000000002, 'SVM__n_iter': 1118}",0.8175922846691055,0.7918190887928167,0.7986183074265976,0.7908462867012089,0.7689982728842834,0.7936146366153964,0.015605348218377389,28,0.8063143489463612,0.7983011343589963,0.7996357012750455,0.8058944380903968,0.8272334477061888,0.8074758140753977,0.01039091867508611
1.7344699859619142,0.043084638021135664,0.009375810623168945,0.0076553176325732,0.1,0.8500000000000002,1118,"{'SVM__alpha': 0.1, 'SVM__gamma_frac': 0.8500000000000002, 'SVM__n_iter': 1118}",0.8175922846691055,0.7943964083804456,0.7960276338514679,0.7882556131260794,0.7689982728842834,0.7931002992540994,0.015591789761139556,29,0.801786535233554,0.7995947954197986,0.7875841911297498,0.8017960774346591,0.8166751387300376,0.8014873475895599,0.009249144180426378
1.6751041889190674,0.04672229749837899,0.003124856948852539,0.006249713897705078,0.1,0.9500000000000002,1118,"{'SVM__alpha': 0.1, 'SVM__gamma_frac': 0.9500000000000002, 'SVM__n_iter': 1118}",0.8175922846691055,0.7544063851014298,0.7934369602763384,0.7664075993091539,0.7715889464594129,0.7807054267617375,0.02241118842097387,46,0.7963606427677932,0.7957138122373922,0.7914601601219976,0.8061168297538865,0.8084784174185623,0.7996259724599264,0.006529086871831457
2.218909215927124,0.16886158480808153,0.0031241893768310545,0.006248378753662109,0.03162277660168379,0.05,1118,"{'SVM__alpha': 0.03162277660168379, 'SVM__gamma_frac': 0.05, 'SVM__n_iter': 1118}",0.6984536082474226,0.823328899235118,0.7150259067357513,0.6402417962003454,0.6664939550949914,0.708895365437448,0.06292889565197715,141,0.7001593020645123,0.9070381576555869,0.7327381708815182,0.7157410937433812,0.7822785614436396,0.7675910571577276,0.07498186527716094
1.8814145565032958,0.054687549021763246,0.012500524520874023,0.006250262333875627,0.03162277660168379,0.15000000000000002,1118,"{'SVM__alpha': 0.03162277660168379, 'SVM__gamma_frac': 0.15000000000000002, 'SVM__n_iter': 1118}",0.831725972730296,0.7660458929165279,0.7963730569948188,0.7379101899827288,0.7290155440414509,0.7723094728934513,0.03798005705266098,53,0.835063560454599,0.7878075117872838,0.8401109840301605,0.7861121701190326,0.8104375820731139,0.8119063616928379,0.022715672012822406
1.931354570388794,0.10987757755665727,0.006250143051147461,0.007654830650698251,0.03162277660168379,0.25000000000000006,1118,"{'SVM__alpha': 0.03162277660168379, 'SVM__gamma_frac': 0.25000000000000006, 'SVM__n_iter': 1118}",0.8614067176587962,0.8021283671433321,0.8052677029360966,0.78566493955095,0.7526770293609671,0.8015374002704073,0.0353485703096548,21,0.8273015940897865,0.8240300214897417,0.8256767060617614,0.8065616130808658,0.8554560088109459,0.8278051887066201,0.015715554659202383
1.6719739437103271,0.06481037635554508,0.00937347412109375,0.007653409592578881,0.03162277660168379,0.35000000000000003,1118,"{'SVM__alpha': 0.03162277660168379, 'SVM__gamma_frac': 0.35000000000000003, 'SVM__n_iter': 1118}",0.8452776854007317,0.8330562021948785,0.797495682210708,0.7934369602763385,0.7245250431778929,0.7989027601539712,0.04213997650320389,24,0.835566056899704,0.8469203382763304,0.8243847163976786,0.8319778031939679,0.8491972719955945,0.8376092373526551,0.009292521066238082
1.7875891208648682,0.11119764430972508,0.006249523162841797,0.007654071822573284,0.03162277660168379,0.45000000000000007,1118,"{'SVM__alpha': 0.03162277660168379, 'SVM__gamma_frac': 0.45000000000000007, 'SVM__n_iter': 1118}",0.8588293980711672,0.8330562021948785,0.8089810017271156,0.8089810017271156,0.7193436960276338,0.8059816184488975,0.04699372928483268,16,0.8336255653085008,0.8408476152801686,0.8205087474054304,0.8459672978353877,0.8479052823315119,0.8377709016321999,0.009945034253688303
1.7907649040222169,0.11424187836755753,0.0,0.0,0.03162277660168379,0.5500000000000002,1118,"{'SVM__alpha': 0.03162277660168379, 'SVM__gamma_frac': 0.5500000000000002, 'SVM__n_iter': 1118}",0.8536747588959095,0.8279015630196208,0.7949050086355786,0.8115716753022453,0.7219343696027634,0.8021361370603621,0.04447028810074317,20,0.8360685533448089,0.8395539542193665,0.8151183970856101,0.8472592874994705,0.84748167916296,0.8370963742624433,0.011842862485132893
1.7157204627990723,0.022982903261375563,0.0031244754791259766,0.006248950958251953,0.03162277660168379,0.6500000000000001,1118,"{'SVM__alpha': 0.03162277660168379, 'SVM__gamma_frac': 0.6500000000000001, 'SVM__n_iter': 1118}",0.8459428001330229,0.825324243431992,0.8115716753022453,0.8037996545768565,0.7552677029360967,0.8084786319212848,0.03016294077666464,11,0.8302470785711995,0.8324388183849553,0.8153407887490999,0.8401533443470157,0.8468356843309187,0.8330031428766379,0.010605071334654702
1.7282243251800538,0.04375505025181449,0.0,0.0,0.03162277660168379,0.7500000000000002,1118,"{'SVM__alpha': 0.03162277660168379, 'SVM__gamma_frac': 0.7500000000000002, 'SVM__n_iter': 1118}",0.8433654805453941,0.825324243431992,0.8256476683937823,0.8115716753022453,0.7667530224525044,0.8146032399875196,0.025920717797908808,3,0.8298514962633511,0.8222338639838348,0.8105964332613207,0.8418689371796501,0.8461896894988774,0.8301480840374069,0.01295917740906132
1.800098752975464,0.10098138102216045,0.012497901916503906,0.00624895115655508,0.03162277660168379,0.8500000000000002,1118,"{'SVM__alpha': 0.03162277660168379, 'SVM__gamma_frac': 0.8500000000000002, 'SVM__n_iter': 1118}",0.8407881609577652,0.8227469238443631,0.8615716753022451,0.8115716753022453,0.7641623488773749,0.8202096202546335,0.03268436490769413,1,0.8294559139555024,0.8202933723926316,0.8067204642690727,0.839930952683526,0.8448976998347948,0.8282596806271055,0.013724963802875268
1.7469566345214844,0.06806379938790776,0.003125715255737305,0.00625143051147461,0.03162277660168379,0.9500000000000002,1118,"{'SVM__alpha': 0.03162277660168379, 'SVM__gamma_frac': 0.9500000000000002, 'SVM__n_iter': 1118}",0.8382108413701364,0.8201696042567342,0.856390328151986,0.8037996545768565,0.7615716753022453,0.8160754691751371,0.03237015074241652,2,0.823634439181893,0.8196465418622306,0.8103952217562587,0.8343393908586435,0.8429597153386708,0.8261950617995394,0.011370651265980036
2.0595112800598145,0.13385257854109064,0.0,0.0,0.01,0.05,1118,"{'SVM__alpha': 0.01, 'SVM__gamma_frac': 0.05, 'SVM__n_iter': 1118}",0.7316262055204523,0.7400232790156301,0.7022452504317789,0.707426597582038,0.6355785837651123,0.7034959609538157,0.03674285587725721,146,0.9410689275442893,0.945847989479649,0.9480556614563477,0.9566759859363747,0.94957004278392,0.948243721440116,0.005101270008015368
1.8719869136810303,0.06509131650466536,0.003124856948852539,0.006249713897705078,0.01,0.15000000000000002,1118,"{'SVM__alpha': 0.01, 'SVM__gamma_frac': 0.15000000000000002, 'SVM__n_iter': 1118}",0.8142667110076488,0.8291486531426671,0.7785837651122625,0.7911917098445597,0.7556131260794474,0.793860692551304,0.025953230050696382,27,0.8739803064159175,0.8797643612414872,0.8728555089592069,0.8675075189562417,0.8946604820604058,0.877753635526652,0.009306954806372144
1.734482765197754,0.06249492668412264,0.006249618530273437,0.007654188338164746,0.01,0.25000000000000006,1118,"{'SVM__alpha': 0.01, 'SVM__gamma_frac': 0.25000000000000006, 'SVM__n_iter': 1118}",0.8420352510808115,0.8323910874625872,0.8156303972366148,0.8067357512953368,0.7426597582037998,0.8079952666437331,0.0348609176631273,13,0.8497963285685267,0.8614018581677058,0.8519612826703943,0.8733214724446139,0.8700914982844071,0.8613144880271296,0.009395335706174582
1.7970102787017823,0.14659425079892593,0.006249618530273437,0.00765418824904739,0.01,0.35000000000000003,1118,"{'SVM__alpha': 0.01, 'SVM__gamma_frac': 0.35000000000000003, 'SVM__n_iter': 1118}",0.8530096441636182,0.8272364482873295,0.8104490500863557,0.8182210708117443,0.7322970639032816,0.8083566157392058,0.0405675774632869,12,0.8385489613291567,0.869019490447222,0.8375270047019951,0.8627631634684627,0.8638539416274834,0.854342512314864,0.013483218380890092
1.7313611507415771,0.076169742435925,0.003125619888305664,0.006251239776611328,0.01,0.45000000000000007,1118,"{'SVM__alpha': 0.01, 'SVM__gamma_frac': 0.45000000000000007, 'SVM__n_iter': 1118}",0.8504323245759894,0.8246591286997006,0.8308290155440413,0.8130397236614852,0.7348877374784112,0.8108653005250654,0.0397970486454674,4,0.8394470400821102,0.8642404285118622,0.8289066802219681,0.8621171686364214,0.859331977803194,0.8508086590511112,0.014069291699772364
1.7094838619232178,0.09088258969282324,0.009373617172241212,0.007653526446826394,0.01,0.5500000000000002,1118,"{'SVM__alpha': 0.01, 'SVM__gamma_frac': 0.5500000000000002, 'SVM__n_iter': 1118}",0.8478550049883605,0.8246591286997006,0.8308290155440413,0.8130397236614852,0.7271157167530224,0.8087982249853175,0.042275897212759275,10,0.8316850737172978,0.8629467674510602,0.8250307112297198,0.8582411996441733,0.8586859829711526,0.8473179470026807,0.01570934323397651
1.7063929080963134,0.04243205390997247,0.006245708465576172,0.007649402694478811,0.01,0.6500000000000001,1118,"{'SVM__alpha': 0.01, 'SVM__gamma_frac': 0.6500000000000001, 'SVM__n_iter': 1118}",0.8401230462254738,0.8143498503491852,0.8423143350604491,0.8000863557858375,0.7245250431778929,0.8043617876824757,0.04287331002499572,18,0.8328344006928037,0.8584189537382529,0.821154742237472,0.8524272461558012,0.8586859829711526,0.8447042651590964,0.015091052074384697
1.7219691276550293,0.10290195811447027,0.0031253337860107423,0.0062506675720214845,0.01,0.7500000000000002,1118,"{'SVM__alpha': 0.01, 'SVM__gamma_frac': 0.7500000000000002, 'SVM__n_iter': 1118}",0.8323910874625873,0.8117725307615563,0.8537996545768566,0.8193436960276339,0.7360103626943006,0.8107042825433984,0.03989528724386392,7,0.8270129259191945,0.8529930612724922,0.8166327784131825,0.8466132926674291,0.8545876223154149,0.8395679361175427,0.015093785130497498
1.7095084190368652,0.0621922600721608,0.003124713897705078,0.006249427795410156,0.01,0.8500000000000002,1118,"{'SVM__alpha': 0.01, 'SVM__gamma_frac': 0.8500000000000002, 'SVM__n_iter': 1118}",0.8407881609577652,0.8091952111739275,0.851208981001727,0.8193436960276339,0.7334196891191711,0.8108419091874474,0.04140720571941817,5,0.8229876086514921,0.8504057391508881,0.8187931545727961,0.8453213030033463,0.8500656584911255,0.8375146927739296,0.013756315975711163
1.7251504421234132,0.05468406783693799,0.0,0.0,0.01,0.9500000000000002,1118,"{'SVM__alpha': 0.01, 'SVM__gamma_frac': 0.9500000000000002, 'SVM__n_iter': 1118}",0.8279015630196209,0.8040405719986697,0.8652849740932641,0.8167530224525044,0.7360103626943006,0.8100194499460686,0.04219888143328148,8,0.8081105064522685,0.8445842643772787,0.815785572076079,0.8487736688270429,0.8513576481552081,0.8337223319775754,0.01807330437744923
1.9063475608825684,0.1265802724368972,0.012499237060546875,0.006249618546645341,0.0031622776601683794,0.05,1118,"{'SVM__alpha': 0.0031622776601683794, 'SVM__gamma_frac': 0.05, 'SVM__n_iter': 1118}",0.704522780179581,0.7613069504489524,0.6740932642487046,0.7292746113989638,0.6292746113989639,0.6998131939256649,0.04540040801544712,148,0.9729774518084527,0.9707857119946971,0.975653407887491,0.9782373872156563,0.9771677892150633,0.974964349624272,0.0027368411632682907
1.7625874042510987,0.10237341668379249,0.009375524520874024,0.007655083760746201,0.0031622776601683794,0.15000000000000002,1118,"{'SVM__alpha': 0.0031622776601683794, 'SVM__gamma_frac': 0.15000000000000002, 'SVM__n_iter': 1118}",0.7871632856667775,0.8420352510808113,0.781174438687392,0.8159758203799655,0.7018998272884284,0.7857532082444574,0.04716765519957358,39,0.9135064629595973,0.9085830669389415,0.9129495488626255,0.9205002753420596,0.9241750328292454,0.9159428773864938,0.005614288914801462
1.7126144409179687,0.04145031375121504,0.009379863739013672,0.007658629817975984,0.0031622776601683794,0.25000000000000006,1118,"{'SVM__alpha': 0.0031622776601683794, 'SVM__gamma_frac': 0.25000000000000006, 'SVM__n_iter': 1118}",0.8149318257399402,0.8291486531426671,0.829706390328152,0.808203799654577,0.7478411053540588,0.8060238128763988,0.030179878245394864,15,0.8877775758288521,0.8880288240514045,0.8793366374380479,0.9049963993730673,0.91190113102046,0.8944081135423664,0.012082435301414908
1.6688568592071533,0.026867007117340948,0.0031244754791259766,0.006248950958251953,0.0031622776601683794,0.35000000000000003,1118,"{'SVM__alpha': 0.0031622776601683794, 'SVM__gamma_frac': 0.35000000000000003, 'SVM__n_iter': 1118}",0.8368806119055537,0.8323910874625872,0.8193436960276339,0.8170984455958549,0.7400690846286703,0.8092476638177509,0.03532056876981078,9,0.8716068125688261,0.8783263660953888,0.8623183801414835,0.8920765027322404,0.8994048375481849,0.8807465798172247,0.013457258694982288
1.7063280105590821,0.16606998501549786,0.006249570846557617,0.007654130006474225,0.0031622776601683794,0.45000000000000007,1118,"{'SVM__alpha': 0.0031622776601683794, 'SVM__gamma_frac': 0.45000000000000007, 'SVM__n_iter': 1118}",0.8291486531426672,0.8272364482873295,0.8308290155440413,0.8119170984455959,0.7374784110535407,0.8073965298537784,0.03552456783763003,14,0.8590657842686539,0.8712112302609776,0.8582411996441733,0.8834561782522133,0.8916528995636887,0.8727254583979412,0.013206587094998437
1.6313564777374268,0.05729057198670984,0.006250524520874023,0.007655297853789245,0.0031622776601683794,0.5500000000000002,1118,"{'SVM__alpha': 0.0031622776601683794, 'SVM__gamma_frac': 0.5500000000000002, 'SVM__n_iter': 1118}",0.8298137678749584,0.8143498503491852,0.851208981001727,0.8259930915371331,0.7322970639032816,0.8107731202207595,0.04092398453110371,6,0.8620112687500671,0.8666834165481702,0.849843266827636,0.866215529292159,0.8750582454356758,0.8639623453707415,0.008231101302662972
1.6969855308532715,0.09962930069883462,0.003124427795410156,0.006248855590820312,0.0031622776601683794,0.6500000000000001,1118,"{'SVM__alpha': 0.0031622776601683794, 'SVM__gamma_frac': 0.6500000000000001, 'SVM__n_iter': 1118}",0.8220818091120718,0.8143498503491852,0.8486183074265975,0.8104490500863557,0.7322970639032816,0.8056044587619332,0.03891420989511509,17,0.8490746581420462,0.8558316316166488,0.8418689371796501,0.8558796119794977,0.8731202609395518,0.8551550199714789,0.010365553683866002
1.6969614028930664,0.06675404512127035,0.006250238418579102,0.007654947448500716,0.0031622776601683794,0.7500000000000002,1118,"{'SVM__alpha': 0.0031622776601683794, 'SVM__gamma_frac': 0.7500000000000002, 'SVM__n_iter': 1118}",0.8066178915862987,0.8040405719986697,0.8382556131260794,0.8052677029360966,0.7348877374784112,0.7978407678696773,0.033904263524767386,26,0.8255375108250566,0.840307698887024,0.8280806540432923,0.8545876223154149,0.8731202609395518,0.8443267494020679,0.017705793895535032
1.7032582759857178,0.07523078768327905,0.009374427795410156,0.0076541882891502004,0.0031622776601683794,0.8500000000000002,1118,"{'SVM__alpha': 0.0031622776601683794, 'SVM__gamma_frac': 0.8500000000000002, 'SVM__n_iter': 1118}",0.7963086132357833,0.8201696042567342,0.8330742659758203,0.8000863557858376,0.7515544041450777,0.8002672472859861,0.02775221411570659,22,0.8115584873787862,0.844044347984134,0.8211971025543272,0.8520036429872496,0.8744122506036344,0.8406431663016264,0.02238324134376816
1.7001152515411377,0.06660830561683835,0.009374618530273438,0.007654344007670233,0.0031622776601683794,0.9500000000000002,1118,"{'SVM__alpha': 0.0031622776601683794, 'SVM__gamma_frac': 0.9500000000000002, 'SVM__n_iter': 1118}",0.7885766544728967,0.8201696042567342,0.8278929188255613,0.8063903281519861,0.7489637305699481,0.7984200037598378,0.028067842553381815,25,0.8083243347267811,0.8446911785145351,0.8192591180582031,0.8550324056423941,0.8718282712754691,0.8398270616434766,0.023213796085458968
1.6063411235809326,0.0628339458039279,0.003124094009399414,0.006248188018798828,0.001,0.05,1118,"{'SVM__alpha': 0.001, 'SVM__gamma_frac': 0.05, 'SVM__n_iter': 1118}",0.7071000997672099,0.7503325573661456,0.6792746113989637,0.6703799654576857,0.6037132987910191,0.6823265273676811,0.04811668780141685,155,0.9896507115135835,0.9890038809831825,0.9922480620155039,0.9935400516795865,0.994186046511628,0.9917257505406969,0.002065522452845199
1.6563488006591798,0.06629622329227187,0.009375667572021485,0.007655200720423249,0.001,0.15000000000000002,1118,"{'SVM__alpha': 0.001, 'SVM__gamma_frac': 0.15000000000000002, 'SVM__n_iter': 1118}",0.7432657133355505,0.827153308945793,0.8070811744386873,0.8430051813471504,0.7033678756476685,0.7847762052037303,0.05294461425675776,41,0.9564111062405783,0.950087135021864,0.9549815732621679,0.961663913246071,0.9584339390858643,0.9563155333713091,0.0038386023446486026
1.6344758987426757,0.08761205442138251,0.006250810623168945,0.007655649375801952,0.001,0.25000000000000006,1118,"{'SVM__alpha': 0.001, 'SVM__gamma_frac': 0.25000000000000006, 'SVM__n_iter': 1118}",0.7749418024609245,0.8471898902560691,0.8041450777202072,0.7993091537132988,0.7300518134715027,0.7911988193700987,0.03840743998503264,35,0.9327296248382925,0.9261544053970258,0.9293429914855763,0.9291205998220866,0.9261130173253697,0.92869212777367,0.0024495077048271854
1.6375832080841064,0.10978147382228183,0.003124713897705078,0.006249427795410156,0.001,0.35000000000000003,1118,"{'SVM__alpha': 0.001, 'SVM__gamma_frac': 0.35000000000000003, 'SVM__n_iter': 1118}",0.7891586298636515,0.8265713335550382,0.8078583765112262,0.7863557858376511,0.7530224525043179,0.7926479060602928,0.0245102190901022,30,0.8923748837308758,0.8980894443672288,0.9013428220443088,0.9133943321896048,0.9151311051806668,0.9040665175025369,0.008823507780785845
1.6970126152038574,0.09302193241462012,0.0,0.0,0.001,0.45000000000000007,1118,"{'SVM__alpha': 0.001, 'SVM__gamma_frac': 0.45000000000000007, 'SVM__n_iter': 1118}",0.8059527768540073,0.8220818091120717,0.8345423143350603,0.8119170984455959,0.7452504317789292,0.8039848768357063,0.030866377523967963,19,0.8716763067580429,0.8877401558808121,0.8796013894183928,0.889492523404075,0.9017664252128605,0.8860553601348367,0.010098525713710487
1.646934175491333,0.04484174926439866,0.003124904632568359,0.0062498092651367175,0.001,0.5500000000000002,1118,"{'SVM__alpha': 0.001, 'SVM__gamma_frac': 0.5500000000000002, 'SVM__n_iter': 1118}",0.8040405719986699,0.8388759561024276,0.8008635578583765,0.8093264248704665,0.7452504317789292,0.79974926832706,0.03036365483151872,23,0.8410240236066417,0.8657479178471771,0.8531156013046977,0.8862625492438684,0.9004744355487778,0.8693249055102324,0.021603950087703973
1.6720097541809082,0.05932995569829329,0.003124904632568359,0.0062498092651367175,0.001,0.6500000000000001,1118,"{'SVM__alpha': 0.001, 'SVM__gamma_frac': 0.6500000000000001, 'SVM__n_iter': 1118}",0.7963086132357833,0.8079481210508813,0.7697754749568221,0.8130397236614852,0.7374784110535407,0.7849716176687414,0.028009314374840846,40,0.8306747351202249,0.8246020121240634,0.836764518998602,0.8731202609395518,0.889492523404075,0.8509308101173035,0.02562645290132859
1.6282329559326172,0.037509866824231755,0.0,0.0,0.001,0.7500000000000002,1118,"{'SVM__alpha': 0.001, 'SVM__gamma_frac': 0.7500000000000002, 'SVM__n_iter': 1118}",0.7731127369471232,0.831143997339541,0.7579447322970638,0.8156303972366148,0.7271157167530224,0.7810650794784931,0.03796889180980772,44,0.7963927170089703,0.8538537200774061,0.8096327360528657,0.8748358537721861,0.8826089719151098,0.8434647997653076,0.034596902803890314
1.6125869274139404,0.031873785783904346,0.006260347366333008,0.0076673484541897275,0.001,0.8500000000000002,1118,"{'SVM__alpha': 0.001, 'SVM__gamma_frac': 0.8500000000000002, 'SVM__n_iter': 1118}",0.7576488194213501,0.8388759561024276,0.7268566493955095,0.8156303972366148,0.7271157167530224,0.7733150051186217,0.04610776576677215,52,0.7918649032961629,0.854500550607807,0.7805629686110053,0.863207946795442,0.8800249925869446,0.8340322723794724,0.04005634572507747
1.6219916343688965,0.07869496408566078,0.009375381469726562,0.007654966965914641,0.001,0.9500000000000002,1118,"{'SVM__alpha': 0.001, 'SVM__gamma_frac': 0.9500000000000002, 'SVM__n_iter': 1118}",0.7370302627203192,0.8259893581642833,0.7227979274611398,0.8104490500863557,0.7297063903281521,0.7652529184408444,0.043817564195616464,57,0.7763409705665381,0.8428576010605884,0.7484856186724277,0.8558796119794975,0.8785106112593721,0.8204148827076848,0.04950326264282247
1.5125691413879394,0.06804995166963372,0.0031249523162841797,0.006249904632568359,0.00031622776601683794,0.05,1118,"{'SVM__alpha': 0.00031622776601683794, 'SVM__gamma_frac': 0.05, 'SVM__n_iter': 1118}",0.6935483870967742,0.7232291320252743,0.6563039723661487,0.6422279792746114,0.5729706390328153,0.6578373722275855,0.050995816721652786,162,0.9993531694695991,0.998706338939198,0.9987080103359173,0.9987080103359173,0.9980620155038759,0.9987075089169014,0.00040829919599703115
1.5345037937164308,0.026872459154148737,0.009376192092895507,0.007655628792405805,0.00031622776601683794,0.15000000000000002,1118,"{'SVM__alpha': 0.00031622776601683794, 'SVM__gamma_frac': 0.15000000000000002, 'SVM__n_iter': 1118}",0.7400232790156303,0.8400399068839373,0.7752158894645942,0.7970639032815199,0.7189119170984457,0.774307388849633,0.0426618175626546,51,0.9780077619663651,0.9780077619663647,0.9784597788791459,0.9838501291989664,0.9799741602067183,0.9796599184435122,0.002216131362748331
1.575103759765625,0.060444358344418816,0.0031253814697265623,0.006250762939453125,0.00031622776601683794,0.25000000000000006,1118,"{'SVM__alpha': 0.00031622776601683794, 'SVM__gamma_frac': 0.25000000000000006, 'SVM__n_iter': 1118}",0.7342866644496177,0.8813601596275356,0.7863557858376511,0.823747841105354,0.7367012089810018,0.7925451419378132,0.05560278462539343,31,0.9340232858990946,0.9486491398757659,0.9519739907654509,0.96640826873385,0.9590799339179056,0.9520269238384135,0.01088219865322749
1.5782284259796142,0.03278734972144386,0.009375572204589844,0.007655122904727199,0.00031622776601683794,0.35000000000000003,1118,"{'SVM__alpha': 0.00031622776601683794, 'SVM__gamma_frac': 0.35000000000000003, 'SVM__n_iter': 1118}",0.7575656800798137,0.8588293980711672,0.7845423143350605,0.827461139896373,0.7159758203799657,0.7889439417536307,0.05040422563784231,37,0.8706338939197932,0.9169544438861152,0.9114987080103357,0.9401236921252172,0.9379633159656035,0.915434810781413,0.02506790278137243
1.665733003616333,0.10108547457601323,0.0031244754791259766,0.006248950958251953,0.00031622776601683794,0.45000000000000007,1118,"{'SVM__alpha': 0.00031622776601683794, 'SVM__gamma_frac': 0.45000000000000007, 'SVM__n_iter': 1118}",0.7286331892251413,0.8285666777519122,0.8023316062176166,0.8015544041450777,0.7441278065630399,0.7810340046865735,0.038107176718314956,45,0.7697283311772317,0.8509777297852097,0.8783305799127377,0.9185834710043631,0.9235290379972041,0.8682298299753493,0.05602802325348803
1.6063546180725097,0.05712375397712324,0.0,0.0,0.00031622776601683794,0.5500000000000002,1118,"{'SVM__alpha': 0.00031622776601683794, 'SVM__gamma_frac': 0.5500000000000002, 'SVM__n_iter': 1118}",0.7776022613900899,0.792484203525108,0.7749568221070812,0.8015544041450777,0.7607944732297064,0.7814911756839816,0.01419268157767732,42,0.8434670116429498,0.7979376262923248,0.8499068073029186,0.8981128478841021,0.9088723683653155,0.8596593322975222,0.040168315284861394
1.6219502925872802,0.07489302117424258,0.006260108947753906,0.007667055261967853,0.00031622776601683794,0.6500000000000001,1118,"{'SVM__alpha': 0.00031622776601683794, 'SVM__gamma_frac': 0.6500000000000001, 'SVM__n_iter': 1118}",0.7750249418024611,0.7957266378450282,0.7697754749568221,0.8156303972366148,0.7452504317789292,0.7802997866010033,0.023855641779942777,47,0.821223525386762,0.7733580661370855,0.8421548693184225,0.8858389460753167,0.9037044097089846,0.8452559633253142,0.046518129478625506
1.6657169818878175,0.16493945473052013,0.006249332427978515,0.0076538378422731914,0.00031622776601683794,0.7500000000000002,1118,"{'SVM__alpha': 0.00031622776601683794, 'SVM__gamma_frac': 0.7500000000000002, 'SVM__n_iter': 1118}",0.78084469571001,0.7493348852677085,0.653195164075993,0.824525043177893,0.7478411053540588,0.7511980146841452,0.05626049383741378,77,0.8056995926571372,0.7248457763570079,0.731266149870801,0.8722730546024484,0.8948616935654679,0.8057892534105724,0.06994218025460666
1.5907445430755616,0.04460217124546671,0.006246042251586914,0.00764981030400993,0.00031622776601683794,0.8500000000000002,1118,"{'SVM__alpha': 0.00031622776601683794, 'SVM__gamma_frac': 0.8500000000000002, 'SVM__n_iter': 1118}",0.7550714998337212,0.7519122048553374,0.6272884283246978,0.8115716753022453,0.7504317789291883,0.7393060083691292,0.06039823660166066,101,0.7759453882586895,0.728079929009013,0.6944444444444445,0.8589295547930699,0.8927013174058541,0.7900201267822142,0.07544711206625566
1.6313448429107666,0.033656940834134334,0.0031246185302734376,0.006249237060546875,0.00031622776601683794,0.9500000000000002,1118,"{'SVM__alpha': 0.00031622776601683794, 'SVM__gamma_frac': 0.9500000000000002, 'SVM__n_iter': 1118}",0.7628034585966078,0.7467575656800797,0.6347150259067357,0.8145077720207254,0.7607944732297064,0.7439544968099223,0.05915781425391249,94,0.7882351683363092,0.7203179626442006,0.67312661498708,0.8754606684457998,0.8946393019019782,0.7903559432630736,0.0857558918803111
1.4469794273376464,0.03646786227522512,0.0031254768371582033,0.006250953674316407,0.0001,0.05,1118,"{'SVM__alpha': 0.0001, 'SVM__gamma_frac': 0.05, 'SVM__n_iter': 1118}",0.6935483870967742,0.7071000997672098,0.6588946459412782,0.6422279792746114,0.5588946459412781,0.6523054164543743,0.05209125717189005,165,1.0,1.0,1.0,1.0,1.0,1.0,0.0
1.5188446998596192,0.07151899373760355,0.009375047683715821,0.007654694484246803,0.0001,0.15000000000000002,1118,"{'SVM__alpha': 0.0001, 'SVM__gamma_frac': 0.15000000000000002, 'SVM__n_iter': 1118}",0.7587296308613236,0.8316428333887594,0.7240932642487047,0.7933506044905008,0.7100172711571676,0.7636797485729756,0.044668671616158916,59,0.9896507115135835,0.9902975420439846,0.9916020671834624,0.9928940568475452,0.9909560723514211,0.9910800899879995,0.0011165859073176195
1.5251307010650634,0.11076287517985176,0.009374237060546875,0.007654032619151249,0.0001,0.25000000000000006,1118,"{'SVM__alpha': 0.0001, 'SVM__gamma_frac': 0.25000000000000006, 'SVM__n_iter': 1118}",0.7097605586963752,0.8684735616893913,0.7530224525043178,0.8033678756476684,0.7240932642487048,0.7718056462843178,0.05809908783214192,54,0.940491591203105,0.9411384217335059,0.9593023255813952,0.979328165374677,0.9793281653746769,0.9599177338534721,0.01722757100111115
1.5219661712646484,0.05466085087340231,0.009372377395629882,0.007652514148216579,0.0001,0.35000000000000003,1118,"{'SVM__alpha': 0.0001, 'SVM__gamma_frac': 0.35000000000000003, 'SVM__n_iter': 1118}",0.7110907881609577,0.8614067176587961,0.7986183074265975,0.8341105354058722,0.7392918825561313,0.7888941560063473,0.05648913355776428,38,0.8816300129366107,0.907503234152652,0.9089147286821705,0.958857542254416,0.9584339390858643,0.9230678914223427,0.030631110913224256
1.553223466873169,0.027230927659345424,0.003124904632568359,0.0062498092651367175,0.0001,0.45000000000000007,1118,"{'SVM__alpha': 0.0001, 'SVM__gamma_frac': 0.45000000000000007, 'SVM__n_iter': 1118}",0.7601429996674427,0.7460924509477884,0.723488773747841,0.8133851468048359,0.7278065630397237,0.7541793782212086,0.03232919030396751,71,0.8745148771021993,0.7658473479948256,0.8339793281653746,0.9446456559495066,0.953244800271106,0.8744464018966024,0.07009774049076703
1.562572145462036,0.047395380559655365,0.006249666213989258,0.007654246727039517,0.0001,0.5500000000000002,1118,"{'SVM__alpha': 0.0001, 'SVM__gamma_frac': 0.5500000000000002, 'SVM__n_iter': 1118}",0.7131692716993682,0.6893914200199533,0.6961139896373058,0.8000863557858376,0.7467184801381694,0.7289964734021628,0.04063215427094712,116,0.7457956015523934,0.701164294954722,0.7939276485788114,0.8923200745541576,0.9321493624772312,0.813071396423463,0.08703519977707151
1.606391716003418,0.06510534972527905,0.006249904632568359,0.0076545386691881726,0.0001,0.6500000000000001,1118,"{'SVM__alpha': 0.0001, 'SVM__gamma_frac': 0.6500000000000001, 'SVM__n_iter': 1118}",0.7131692716993682,0.6720152976388426,0.6894645941278065,0.8070811744386873,0.7415371329879104,0.7245388875314831,0.04734146458901065,121,0.7406209573091852,0.6752910737386807,0.7564599483204135,0.9150887448638115,0.9181386876773837,0.8011198823818949,0.09815275965361887
1.5688121795654297,0.05977244762086518,0.0062506675720214845,0.00765547305160703,0.0001,0.7500000000000002,1118,"{'SVM__alpha': 0.0001, 'SVM__gamma_frac': 0.7500000000000002, 'SVM__n_iter': 1118}",0.6648653142667111,0.6694379780512137,0.7568221070811744,0.7993091537132988,0.7311744386873921,0.7241174367792574,0.05154511178664666,122,0.6972833117723157,0.6545924967658475,0.8311729571737196,0.902814843055026,0.9019676367179227,0.7975662490969663,0.10354176787092802
1.6126094341278077,0.060439777041294086,0.006249713897705078,0.0076543050572464326,0.0001,0.8500000000000002,1118,"{'SVM__alpha': 0.0001, 'SVM__gamma_frac': 0.8500000000000002, 'SVM__n_iter': 1118}",0.6725972730295977,0.6952111739275024,0.6687392055267704,0.8007772020725389,0.7352331606217617,0.7144021932785044,0.049135116503191696,135,0.703751617076326,0.6856403622250972,0.7416020671834627,0.8749735248019653,0.880808658448765,0.7773552459471232,0.08407061412362543
1.6126169681549072,0.018208190449325545,0.0,0.0,0.0001,0.9500000000000002,1118,"{'SVM__alpha': 0.0001, 'SVM__gamma_frac': 0.9500000000000002, 'SVM__n_iter': 1118}",0.6622879946790822,0.6952111739275024,0.7697754749568221,0.8044905008635579,0.7348877374784112,0.7331354700644431,0.050806166805943034,109,0.7031047865459251,0.6785252263906857,0.8266298131910027,0.8823230397763375,0.8912081162367095,0.796358196428132,0.08931252951688
1.4626015186309815,0.0509417738070785,0.006249523162841797,0.007654071448274681,3.1622776601683795e-05,0.05,1118,"{'SVM__alpha': 3.1622776601683795e-05, 'SVM__gamma_frac': 0.05, 'SVM__n_iter': 1118}",0.6935483870967742,0.7071000997672098,0.6614853195164078,0.639637305699482,0.5588946459412781,0.6523054164543743,0.0522817705549839,165,1.0,1.0,1.0,1.0,1.0,1.0,0.0
1.4938678741455078,0.05097850552465649,0.009375333786010742,0.007654928458560784,3.1622776601683795e-05,0.15000000000000002,1118,"{'SVM__alpha': 3.1622776601683795e-05, 'SVM__gamma_frac': 0.15000000000000002, 'SVM__n_iter': 1118}",0.7374459594280014,0.8367974725640172,0.7151986183074267,0.7240932642487048,0.7126079447322972,0.7453784036492616,0.04667887040782009,88,0.9896507115135835,0.9935316946959897,0.9987080103359173,0.9987080103359173,0.9980620155038759,0.9957320884770567,0.003604598738667352
1.5282066345214844,0.06510044448750187,0.00625314712524414,0.007658511903913172,3.1622776601683795e-05,0.25000000000000006,1118,"{'SVM__alpha': 3.1622776601683795e-05, 'SVM__gamma_frac': 0.25000000000000006, 'SVM__n_iter': 1118}",0.6891420019953443,0.794895244429664,0.706735751295337,0.8122625215889466,0.7151986183074267,0.74364100731133,0.049964860748119753,95,0.9191461836998708,0.9741267787839586,0.9425064599483203,0.9735142118863048,0.9903100775193797,0.9599207423675669,0.025596591343038568
1.5063491344451905,0.07756959893086456,0.01562347412109375,3.010500739605827e-06,3.1622776601683795e-05,0.35000000000000003,1118,"{'SVM__alpha': 3.1622776601683795e-05, 'SVM__gamma_frac': 0.35000000000000003, 'SVM__n_iter': 1118}",0.7407715330894579,0.8021283671433321,0.7704663212435232,0.7548359240069086,0.7126079447322972,0.7562166665938573,0.029860230993499777,68,0.8829236739974128,0.83117723156533,0.8998708010335916,0.9508408522895752,0.9775913923836149,0.9084807902539049,0.051524340799347694
1.5407484531402589,0.040292988788411435,0.006248664855957031,0.007653020569619322,3.1622776601683795e-05,0.45000000000000007,1118,"{'SVM__alpha': 3.1622776601683795e-05, 'SVM__gamma_frac': 0.45000000000000007, 'SVM__n_iter': 1118}",0.7408546724309942,0.7692883272364481,0.722020725388601,0.8093264248704664,0.7203799654576858,0.7523836655317341,0.033439514554909816,74,0.8150064683053041,0.7826649417852524,0.8010335917312662,0.9248422078197144,0.9139556063879358,0.8475005632058945,0.05969372865273322
1.5469769954681396,0.027941022467218496,0.009375381469726562,0.0076549669837363,3.1622776601683795e-05,0.5500000000000002,1118,"{'SVM__alpha': 3.1622776601683795e-05, 'SVM__gamma_frac': 0.5500000000000002, 'SVM__n_iter': 1118}",0.72796807449285,0.7634685733288991,0.6831606217616579,0.7785837651122625,0.7378238341968912,0.7382278454501202,0.032835463838331566,103,0.7800776196636482,0.7716688227684347,0.7667958656330749,0.9022112085398398,0.9325517854873553,0.8306610604184707,0.07158026996007265
1.609495496749878,0.053250293949835464,0.00937352180480957,0.007653448542509467,3.1622776601683795e-05,0.6500000000000001,1118,"{'SVM__alpha': 3.1622776601683795e-05, 'SVM__gamma_frac': 0.6500000000000001, 'SVM__n_iter': 1118}",0.733787828400399,0.8620718323910873,0.6491364421416235,0.8082037996545769,0.7252158894645941,0.755834174217374,0.0732751225567088,69,0.7606727037516172,0.8791870249003026,0.6957364341085271,0.901544033549371,0.914199178209853,0.8302678749039343,0.08655637944421567
1.5188554286956788,0.10845910604478078,0.00937480926513672,0.0076545003985044715,3.1622776601683795e-05,0.7500000000000002,1118,"{'SVM__alpha': 3.1622776601683795e-05, 'SVM__gamma_frac': 0.7500000000000002, 'SVM__n_iter': 1118}",0.6442467575656801,0.8517625540405719,0.6298791018998273,0.8256476683937825,0.7530224525043179,0.7409370614793069,0.09092067106719576,100,0.6843467011642951,0.8559011258058655,0.6931524547803617,0.8746558224255516,0.9051976108781291,0.8026507430108406,0.0943630396727033
1.5970039367675781,0.06946819864273959,0.003124570846557617,0.006249141693115233,3.1622776601683795e-05,0.8500000000000002,1118,"{'SVM__alpha': 3.1622776601683795e-05, 'SVM__gamma_frac': 0.8500000000000002, 'SVM__n_iter': 1118}",0.6236282008646491,0.6256235450615231,0.6335924006908462,0.8208117443868739,0.7326424870466322,0.6870357835541727,0.07821038623882628,152,0.6694695989650713,0.628072445019405,0.6776485788113696,0.8849705595797855,0.8857754056000339,0.7491873175951331,0.11245880379773325
1.6313504219055175,0.10763653624706662,0.0031249523162841797,0.006249904632568359,3.1622776601683795e-05,0.9500000000000002,1118,"{'SVM__alpha': 3.1622776601683795e-05, 'SVM__gamma_frac': 0.9500000000000002, 'SVM__n_iter': 1118}",0.6294479547721982,0.6230462254738942,0.6154576856649395,0.8248704663212435,0.7355785837651124,0.6854677324646199,0.0822460245169212,153,0.6565329883570507,0.6326002587322123,0.661498708010336,0.878468250942517,0.8005146778497902,0.7259229767783812,0.09644539298636537
1.3907272815704346,0.04074508884920666,0.009375238418579101,0.007654850123558117,1e-05,0.05,1118,"{'SVM__alpha': 1e-05, 'SVM__gamma_frac': 0.05, 'SVM__n_iter': 1118}",0.6935483870967742,0.7503325573661457,0.6614853195164078,0.6537132987910191,0.5755613126079449,0.6671248231441331,0.056969154082662746,159,1.0,1.0,1.0,1.0,1.0,1.0,0.0
1.4625634670257568,0.07098927636991038,0.0031232357025146483,0.0062464714050292965,1e-05,0.15000000000000002,1118,"{'SVM__alpha': 1e-05, 'SVM__gamma_frac': 0.15000000000000002, 'SVM__n_iter': 1118}",0.7477552377785168,0.839374792151646,0.7126079447322972,0.7240932642487048,0.6959412780656306,0.7441318421319801,0.05067030732967906,90,1.0,0.998706338939198,0.9980620155038759,0.9993540051679586,0.9980620155038759,0.9988368750229816,0.0007534105808754074
1.5219783782958984,0.04697159911645539,0.003125,0.00625,1e-05,0.25000000000000006,1118,"{'SVM__alpha': 1e-05, 'SVM__gamma_frac': 0.25000000000000006, 'SVM__n_iter': 1118}",0.7219820419022281,0.8084469571000996,0.7367012089810018,0.8122625215889464,0.6959412780656306,0.7551030756937067,0.04699842666433887,70,0.9689521345407506,0.9683053040103494,0.9857881136950903,0.9612403100775193,0.994186046511628,0.9756943817670676,0.012270302729942829
1.5032142639160155,0.04979612685171724,0.0062500953674316405,0.007654772367269483,1e-05,0.35000000000000003,1118,"{'SVM__alpha': 1e-05, 'SVM__gamma_frac': 0.35000000000000003, 'SVM__n_iter': 1118}",0.7124210176255404,0.8600764881942133,0.7367875647668394,0.7989637305699482,0.7011226252158895,0.7619614147387772,0.0597150851401575,62,0.8512289780077621,0.9456662354463132,0.8688630490956072,0.9373385012919897,0.9383233786588724,0.908284028500109,0.03988294559642802
1.5782479763031005,0.04074099476902382,0.006249475479125977,0.007654013060142245,1e-05,0.45000000000000007,1118,"{'SVM__alpha': 1e-05, 'SVM__gamma_frac': 0.45000000000000007, 'SVM__n_iter': 1118}",0.7273029597605586,0.753824409710675,0.6872193436960276,0.8015544041450777,0.7151986183074267,0.7370326146399911,0.03866352626647934,105,0.8124191461837,0.7567917205692111,0.791343669250646,0.9164442750031769,0.9120176218918117,0.8378032865797091,0.06489668262633731
1.5063323497772216,0.05467740972808909,0.006250810623168945,0.00765564841648814,1e-05,0.5500000000000002,1118,"{'SVM__alpha': 1e-05, 'SVM__gamma_frac': 0.5500000000000002, 'SVM__n_iter': 1118}",0.7105919521117393,0.7254738942467575,0.7793609671848014,0.7696891191709846,0.7352331606217617,0.7439767466547407,0.026257262523697648,92,0.7451487710219923,0.7302716688227687,0.8994260177066123,0.903280806540433,0.9368937179650103,0.8430041964113635,0.08708184765971107
1.5876033782958985,0.036431133865369454,0.006249570846557617,0.007654130006474225,1e-05,0.6500000000000001,1118,"{'SVM__alpha': 1e-05, 'SVM__gamma_frac': 0.6500000000000001, 'SVM__n_iter': 1118}",0.7131692716993682,0.6945460591952111,0.8104490500863557,0.822279792746114,0.7037132987910192,0.7486707301459502,0.055548336936690715,85,0.7438551099611903,0.7043984476067272,0.9097407548608463,0.9030584148769432,0.8121425848265343,0.8146390624264482,0.08250079669250782
1.5782334804534912,0.022080335187799102,0.003124713897705078,0.006249427795410156,1e-05,0.7500000000000002,1118,"{'SVM__alpha': 1e-05, 'SVM__gamma_frac': 0.7500000000000002, 'SVM__n_iter': 1118}",0.7080146325241105,0.8543398736282007,0.6272884283246978,0.8285837651122626,0.7392918825561313,0.7516097880524839,0.0824334148500218,76,0.736739974126779,0.8656035837618811,0.6937984496124031,0.8961748633879781,0.8876710297793026,0.8159975801336687,0.0839531194658136
1.5500851154327393,0.020736148586281932,0.0,0.0,1e-05,0.8500000000000002,1118,"{'SVM__alpha': 1e-05, 'SVM__gamma_frac': 0.8500000000000002, 'SVM__n_iter': 1118}",0.7820917858330563,0.8097771865646823,0.61286701208981,0.7841105354058722,0.7300518134715026,0.7439661003442122,0.07034194793160545,93,0.8433600975056933,0.8831054280307487,0.654392764857881,0.8689159994916762,0.8879357817596476,0.8275420143291294,0.08795155607798734
1.5844732761383056,0.056468825902769616,0.006249713897705078,0.007654305257757422,1e-05,0.9500000000000002,1118,"{'SVM__alpha': 1e-05, 'SVM__gamma_frac': 0.9500000000000002, 'SVM__n_iter': 1118}",0.7801795809777188,0.6288659793814432,0.6284110535405871,0.7904145077720207,0.7352331606217617,0.7125919089116852,0.07105883830290173,136,0.8323639784888758,0.6228978007761968,0.6776485788113694,0.862032448002711,0.9013004617274536,0.7792486535613213,0.10893961868551566
1.4501131057739258,0.06198871051068784,0.0031251907348632812,0.0062503814697265625,3.162277660168379e-06,0.05,1118,"{'SVM__alpha': 3.162277660168379e-06, 'SVM__gamma_frac': 0.05, 'SVM__n_iter': 1118}",0.6935483870967742,0.7096774193548386,0.6588946459412782,0.6422279792746115,0.5422279792746113,0.6495022263208173,0.058648431145885825,167,1.0,1.0,1.0,1.0,1.0,1.0,0.0
1.4438706398010255,0.04485170262649717,0.0,0.0,3.162277660168379e-06,0.15000000000000002,1118,"{'SVM__alpha': 3.162277660168379e-06, 'SVM__gamma_frac': 0.15000000000000002, 'SVM__n_iter': 1118}",0.7529098769537745,0.8039574326571333,0.7011226252158894,0.7318652849740934,0.6844559585492229,0.735017986944859,0.041957215205437874,108,1.0,0.9301423027166884,1.0,1.0,1.0,0.9860284605433376,0.027943078913324638
1.5063322067260743,0.05285425657533532,0.009374141693115234,0.007653954913376864,3.162277660168379e-06,0.25000000000000006,1118,"{'SVM__alpha': 3.162277660168379e-06, 'SVM__gamma_frac': 0.25000000000000006, 'SVM__n_iter': 1118}",0.7381110741602926,0.8194213501829064,0.6600172711571675,0.74853195164076,0.7126079447322972,0.7358917281827168,0.05187545863927215,107,0.9631306597671412,0.942432082794308,0.990511289024442,0.9905112890244417,0.9916020671834626,0.9756374775587592,0.019780532801996546
1.5001032829284668,0.06552580052806636,0.006249809265136718,0.0076544220243663485,3.162277660168379e-06,0.35000000000000003,1118,"{'SVM__alpha': 3.162277660168379e-06, 'SVM__gamma_frac': 0.35000000000000003, 'SVM__n_iter': 1118}",0.7110076488194212,0.8703857665447288,0.7356649395509498,0.7397236614853194,0.7126079447322972,0.7540096051504237,0.05953447037304206,72,0.9615857504837866,0.9540750323415267,0.8901808785529716,0.9147286821705426,0.9506184606260853,0.9342377608349827,0.02731801687915122
1.5219358921051025,0.007656815868883624,0.00937352180480957,0.007653448647975198,3.162277660168379e-06,0.45000000000000007,1118,"{'SVM__alpha': 3.162277660168379e-06, 'SVM__gamma_frac': 0.45000000000000007, 'SVM__n_iter': 1118}",0.7228134353175922,0.8736282008646491,0.6831606217616579,0.7597582037996546,0.6844559585492229,0.7449543744393688,0.07043968176134677,89,0.7975420439844763,0.9395935124501514,0.7674418604651162,0.8733850129198967,0.909857245732198,0.8575639351103677,0.06548032399138326
1.522050142288208,0.061416126181252605,0.0031247615814208986,0.006249523162841797,3.162277660168379e-06,0.5500000000000002,1118,"{'SVM__alpha': 3.162277660168379e-06, 'SVM__gamma_frac': 0.5500000000000002, 'SVM__n_iter': 1118}",0.7002826737612239,0.7280512138343863,0.6365284974093264,0.7693436960276337,0.689637305699482,0.7048022725794807,0.04379144390309683,144,0.736093143596378,0.7354463130659769,0.7170542635658915,0.8679523022832212,0.7722285762697505,0.7657549197562435,0.05414129614601849
1.5844511985778809,0.04590820494839326,0.0031250953674316407,0.006250190734863282,3.162277660168379e-06,0.6500000000000001,1118,"{'SVM__alpha': 3.162277660168379e-06, 'SVM__gamma_frac': 0.6500000000000001, 'SVM__n_iter': 1118}",0.7054373129364816,0.8536747588959094,0.7771157167530225,0.7774611398963731,0.7114853195164076,0.7650867573255248,0.05408631671904437,58,0.7425614489003881,0.8940641270995265,0.9056423942051087,0.8754394882873724,0.7517367729910619,0.8338888462966916,0.07153425552919268
1.5594919204711915,0.057109795352478454,0.00625004768371582,0.007654713891510747,3.162277660168379e-06,0.7500000000000002,1118,"{'SVM__alpha': 3.162277660168379e-06, 'SVM__gamma_frac': 0.7500000000000002, 'SVM__n_iter': 1118}",0.6564682407715332,0.8362986365147987,0.6091537132987909,0.7622625215889465,0.7418825561312609,0.7213031079416097,0.08018376405586546,125,0.7121604139715396,0.8371430404242355,0.6679586563307494,0.8611640615071801,0.8777587156351929,0.7912369775737795,0.08477478661803345
1.596983003616333,0.06045163102236504,0.0,0.0,3.162277660168379e-06,0.8500000000000002,1118,"{'SVM__alpha': 3.162277660168379e-06, 'SVM__gamma_frac': 0.8500000000000002, 'SVM__n_iter': 1118}",0.6010974393082806,0.8265713335550382,0.5987910189982728,0.7878238341968912,0.7459412780656305,0.7120513772702447,0.09508873999940842,138,0.6319534282018113,0.8753434616659362,0.6653746770025839,0.8892277714237302,0.7873512093870462,0.7698501095362216,0.10546731505392123
1.5782465934753418,0.04307607838767227,0.006245040893554687,0.007648583056055651,3.162277660168379e-06,0.9500000000000002,1118,"{'SVM__alpha': 3.162277660168379e-06, 'SVM__gamma_frac': 0.9500000000000002, 'SVM__n_iter': 1118}",0.6062520784835383,0.8027103425340871,0.6076856649395509,0.7674438687392056,0.7507772020725388,0.7069649211809693,0.08341729224570506,143,0.6371280724450195,0.8674371612158277,0.6459948320413437,0.8549053246918287,0.8594272885161179,0.7729785357820275,0.10741324584405364
1.4281782627105712,0.04998721916599685,0.0062466621398925785,0.007650569037394816,1e-06,0.05,1118,"{'SVM__alpha': 1e-06, 'SVM__gamma_frac': 0.05, 'SVM__n_iter': 1118}",0.6774193548387097,0.7232291320252743,0.6422279792746114,0.6537132987910191,0.5755613126079447,0.6545942692266342,0.04824274725332112,164,1.0,1.0,1.0,1.0,1.0,1.0,0.0
1.4626211166381835,0.08538379918165602,0.009374523162841797,0.007654266217722931,1e-06,0.15000000000000002,1118,"{'SVM__alpha': 1e-06, 'SVM__gamma_frac': 0.15000000000000002, 'SVM__n_iter': 1118}",0.7232291320252744,0.774858663119388,0.7011226252158894,0.7318652849740933,0.6818652849740934,0.7226827671395336,0.03144686872743881,123,1.0,1.0,1.0,0.9993540051679586,1.0,0.9998708010335917,0.0002583979328165675
1.4563687801361085,0.06361068714544725,0.006249427795410156,0.007653954643045968,1e-06,0.25000000000000006,1118,"{'SVM__alpha': 1e-06, 'SVM__gamma_frac': 0.25000000000000006, 'SVM__n_iter': 1118}",0.7381110741602926,0.773029597605587,0.6637305699481865,0.7870466321243524,0.6766839378238344,0.727819915410379,0.04970898921013321,118,0.9676584734799483,0.8745148771021993,0.9885733045283178,0.9974160206718345,0.994186046511628,0.9644697444587857,0.04615526727457932
1.4875758171081543,0.05268978031517483,0.006249761581420899,0.007654363527811042,1e-06,0.35000000000000003,1118,"{'SVM__alpha': 1e-06, 'SVM__gamma_frac': 0.35000000000000003, 'SVM__n_iter': 1118}",0.7240605254406386,0.8710508812770201,0.7397236614853194,0.8004317789291882,0.6766839378238342,0.7625158604634705,0.06726164608467007,60,0.8221216041397154,0.9346701164294956,0.8987800228745711,0.9008980387173295,0.9547168212818231,0.902237320688587,0.04525098638615395
1.631352710723877,0.08708013322768796,0.009375190734863282,0.007654811285018008,1e-06,0.45000000000000007,1118,"{'SVM__alpha': 1e-06, 'SVM__gamma_frac': 0.45000000000000007, 'SVM__n_iter': 1118}",0.7150814765547057,0.8626538077818423,0.7241796200345424,0.7793609671848014,0.6870466321243525,0.7537903385963964,0.06226586437034901,73,0.7729624838292368,0.929532892134327,0.8798237810818824,0.8882428940568475,0.8507434235608082,0.8642610949326205,0.052145748106780694
1.5688573360443114,0.06140803897929367,0.012499856948852538,0.006249928831634391,1e-06,0.5500000000000002,1118,"{'SVM__alpha': 1e-06, 'SVM__gamma_frac': 0.5500000000000002, 'SVM__n_iter': 1118}",0.7002826737612239,0.7203192550714997,0.6391191709844559,0.7837651122625215,0.7292746113989638,0.7145369682693545,0.04668453042540609,134,0.7393272962483831,0.7231565329883571,0.7209302325581396,0.885817765916889,0.8479582327275806,0.7834380120878699,0.06947129960137757
1.5782226085662843,0.03422005299611996,0.0,0.0,1e-06,0.6500000000000001,1118,"{'SVM__alpha': 1e-06, 'SVM__gamma_frac': 0.6500000000000001, 'SVM__n_iter': 1118}",0.7685400731626206,0.8594945128034585,0.8078583765112262,0.7941278065630397,0.7263385146804836,0.7913531630399258,0.04400518657890212,34,0.8686934023285902,0.8816300129366107,0.9155758885076459,0.8838374211039098,0.908427585038336,0.8916328619830184,0.017563461722826003
1.5563651084899903,0.04262699127325709,0.0,0.0,1e-06,0.7500000000000002,1118,"{'SVM__alpha': 1e-06, 'SVM__gamma_frac': 0.7500000000000002, 'SVM__n_iter': 1118}",0.8001330229464583,0.8382108413701362,0.61286701208981,0.7889464594127806,0.7404145077720208,0.7563397755580626,0.0780895624883469,67,0.8807319341836573,0.86495675323148,0.6524547803617572,0.8821218282712754,0.8939721269115093,0.8348474845919357,0.09166202728335295
1.5344358921051025,0.03186685241884987,0.012499666213989258,0.006249833677035629,1e-06,0.8500000000000002,1118,"{'SVM__alpha': 1e-06, 'SVM__gamma_frac': 0.8500000000000002, 'SVM__n_iter': 1118}",0.7105919521117393,0.6101596275357497,0.6258203799654576,0.813385146804836,0.7329879101899829,0.6984524055968067,0.07428711877714192,149,0.738680465717982,0.6177231565329885,0.6757105943152455,0.9064896005422121,0.8158385224721479,0.7508884679161152,0.10194505403788737
1.615758752822876,0.06818981481105742,0.006250619888305664,0.007655414734754767,1e-06,0.9500000000000002,1118,"{'SVM__alpha': 1e-06, 'SVM__gamma_frac': 0.9500000000000002, 'SVM__n_iter': 1118}",0.7711173927502495,0.6127369471233787,0.6180483592400691,0.7878238341968913,0.7326424870466322,0.7044289546196671,0.07494216005182795,145,0.8318614820437709,0.6183699870633894,0.655684754521964,0.8713199474732071,0.8868450036006268,0.7728162349405917,0.11292945573118912
1.428197479248047,0.052858475745473546,0.009372663497924805,0.007652747832952522,3.162277660168379e-07,0.05,1118,"{'SVM__alpha': 3.162277660168379e-07, 'SVM__gamma_frac': 0.05, 'SVM__n_iter': 1118}",0.6774193548387097,0.7096774193548386,0.6448186528497409,0.6063039723661486,0.5614853195164077,0.6401325700347191,0.05212604299482413,169,1.0,1.0,1.0,1.0,1.0,1.0,0.0
1.4907375812530517,0.0818704384197187,0.009374618530273438,0.0076543441740192465,3.162277660168379e-07,0.15000000000000002,1118,"{'SVM__alpha': 3.162277660168379e-07, 'SVM__gamma_frac': 0.15000000000000002, 'SVM__n_iter': 1118}",0.7232291320252744,0.8096940472231459,0.6985319516407599,0.7344559585492229,0.6818652849740934,0.7296872009405572,0.044149628076082706,114,1.0,1.0,1.0,1.0,1.0,1.0,0.0
1.5063663005828858,0.03506975891825829,0.006250715255737305,0.00765553147018503,3.162277660168379e-07,0.25000000000000006,1118,"{'SVM__alpha': 3.162277660168379e-07, 'SVM__gamma_frac': 0.25000000000000006, 'SVM__n_iter': 1118}",0.6878949118722979,0.8065347522447621,0.7596718480138169,0.7870466321243524,0.703713298791019,0.7489660063695688,0.04621958629703626,83,0.8635187580853818,0.9333764553686934,0.9689922480620154,0.9926716651840556,0.9926716651840556,0.9502461583768402,0.048492250875950736
1.5094717979431151,0.036470400721485656,0.00937509536743164,0.007654733373281699,3.162277660168379e-07,0.35000000000000003,1118,"{'SVM__alpha': 3.162277660168379e-07, 'SVM__gamma_frac': 0.35000000000000003, 'SVM__n_iter': 1118}",0.7549052211506485,0.8439474559361488,0.7256476683937825,0.7708117443868739,0.6985319516407599,0.758914143530389,0.049320011276303984,63,0.9463130659767142,0.9501940491591203,0.9028783835303088,0.9289405684754521,0.9609755580971745,0.937860325047754,0.02030360494215506
1.5344464778900146,0.06042839778684987,0.0031251907348632812,0.0062503814697265625,3.162277660168379e-07,0.45000000000000007,1118,"{'SVM__alpha': 3.162277660168379e-07, 'SVM__gamma_frac': 0.45000000000000007, 'SVM__n_iter': 1118}",0.7202361157299634,0.8813601596275357,0.6613126079447323,0.7771157167530224,0.703713298791019,0.7489336407448024,0.07607593456053385,84,0.7878395860284607,0.9430789133247091,0.7674418604651162,0.9076015588596602,0.877493963654848,0.8566911764665589,0.06810792315475055
1.550120735168457,0.038806116849474825,0.006250858306884766,0.007655707033311261,3.162277660168379e-07,0.5500000000000002,1118,"{'SVM__alpha': 3.162277660168379e-07, 'SVM__gamma_frac': 0.5500000000000002, 'SVM__n_iter': 1118}",0.7066844030595277,0.7357831725972729,0.6365284974093264,0.7637305699481867,0.7407599309153714,0.716713530954096,0.04393686882708315,132,0.7781371280724452,0.7354463130659769,0.7209302325581396,0.9118164103867495,0.8980281272503918,0.8088716422667405,0.08076643482345662
1.5531989574432372,0.059765295670989795,0.006250333786010742,0.007655064278975897,3.162277660168379e-07,0.6500000000000001,1118,"{'SVM__alpha': 3.162277660168379e-07, 'SVM__gamma_frac': 0.6500000000000001, 'SVM__n_iter': 1118}",0.6809112071832392,0.6971233787828399,0.6206390328151985,0.8159758203799654,0.7392918825561313,0.7107104413895502,0.06483422112289516,139,0.7509702457956017,0.6972833117723157,0.667312661498708,0.9015228533909433,0.902147668064557,0.7838473481044252,0.09999705962850232
1.5813366889953613,0.03027762169139079,0.012499094009399414,0.006249547163645425,3.162277660168379e-07,0.7500000000000002,1118,"{'SVM__alpha': 3.162277660168379e-07, 'SVM__gamma_frac': 0.7500000000000002, 'SVM__n_iter': 1118}",0.6642001995344198,0.843365480545394,0.6076856649395509,0.8159758203799654,0.7048359240069084,0.7273075963340042,0.08960014412120604,119,0.7192755498059511,0.8740123806570944,0.6524547803617572,0.8918117507518956,0.8393379082475535,0.7953784739648503,0.09341727599829995
1.5438703536987304,0.04353467596581987,0.01250004768371582,0.006250023924394239,3.162277660168379e-07,0.8500000000000002,1118,"{'SVM__alpha': 3.162277660168379e-07, 'SVM__gamma_frac': 0.8500000000000002, 'SVM__n_iter': 1118}",0.7633854339873629,0.8155969404722314,0.5936096718480137,0.7507772020725388,0.7392918825561313,0.732735832839776,0.07416369281463021,111,0.848139159441053,0.8743010488276866,0.6511627906976745,0.8473545982123946,0.8324543567585884,0.8106823907874794,0.08088969684858334
1.5969712734222412,0.04120877891647462,0.006249237060546875,0.007653721576237178,3.162277660168379e-07,0.9500000000000002,1118,"{'SVM__alpha': 3.162277660168379e-07, 'SVM__gamma_frac': 0.9500000000000002, 'SVM__n_iter': 1118}",0.769205187894912,0.8420352510808113,0.6154576856649395,0.7700345423143351,0.7367012089810018,0.7468974398674525,0.07409682146552703,87,0.8362449616712818,0.8793687789336385,0.6582687338501293,0.8460626085483118,0.8430338458931672,0.8125957857793058,0.07858913261012114
1.4344414710998534,0.07086230951787405,0.006253099441528321,0.007658454027928479,1e-07,0.05,1118,"{'SVM__alpha': 1e-07, 'SVM__gamma_frac': 0.05, 'SVM__n_iter': 1118}",0.6935483870967742,0.7232291320252743,0.6870466321243524,0.6088946459412782,0.6203799654576857,0.6667690608652016,0.04431083469811694,160,1.0,1.0,1.0,1.0,1.0,1.0,0.0
1.4750846385955811,0.1057971771518007,0.006247138977050782,0.007651153457181263,1e-07,0.15000000000000002,1118,"{'SVM__alpha': 1e-07, 'SVM__gamma_frac': 0.15000000000000002, 'SVM__n_iter': 1118}",0.7232291320252744,0.807116727635517,0.6677892918825561,0.7266839378238343,0.6870466321243525,0.7225261372760802,0.04785679849450736,124,1.0,1.0,1.0,1.0,1.0,1.0,0.0
1.5438412189483643,0.046758233463160145,0.003124237060546875,0.00624847412109375,1e-07,0.25000000000000006,1118,"{'SVM__alpha': 1e-07, 'SVM__gamma_frac': 0.25000000000000006, 'SVM__n_iter': 1118}",0.7290488859328235,0.8142667110076487,0.6882556131260795,0.8033678756476684,0.6818652849740934,0.7434620248948838,0.05593276095996641,96,0.9909443725743856,0.9346701164294956,0.8791989664082688,0.981266149870801,0.9242915237005972,0.9420742257967095,0.040616848058965385
1.506343460083008,0.0794236849434929,0.006250572204589844,0.007655356304296485,1e-07,0.35000000000000003,1118,"{'SVM__alpha': 1e-07, 'SVM__gamma_frac': 0.35000000000000003, 'SVM__n_iter': 1118}",0.6705187894911873,0.8710508812770201,0.7138169257340242,0.7292746113989638,0.7063039723661486,0.7383095393575997,0.06933216565196346,102,0.8272962483829238,0.9288486416558862,0.8811369509043928,0.9299042656839073,0.8958253907739229,0.8926022994802066,0.03771460419824642
1.528217363357544,0.07220959686548972,0.0,0.0,1e-07,0.45000000000000007,1118,"{'SVM__alpha': 1e-07, 'SVM__gamma_frac': 0.45000000000000007, 'SVM__n_iter': 1118}",0.72796807449285,0.7486697705354173,0.6753886010362694,0.7893782383419689,0.6818652849740934,0.7247028408060144,0.042444940934174516,120,0.795601552393273,0.7535575679172059,0.7603359173126615,0.8811369509043926,0.8770703604862964,0.8135404698027658,0.05541806375125986
1.5532164096832275,0.06527008089560753,0.006251096725463867,0.007655998658425738,1e-07,0.5500000000000002,1118,"{'SVM__alpha': 1e-07, 'SVM__gamma_frac': 0.5500000000000002, 'SVM__n_iter': 1118}",0.6719321582973063,0.7125872963086131,0.6546632124352332,0.7785837651122626,0.7177892918825562,0.7070580566302355,0.04293943333033123,142,0.7147477360931437,0.7205692108667531,0.7344961240310077,0.9054411827000466,0.8785847418138688,0.7907677991009641,0.08334889743538539
1.5657133102416991,0.06804663266796168,0.003124904632568359,0.0062498092651367175,1e-07,0.6500000000000001,1118,"{'SVM__alpha': 1e-07, 'SVM__gamma_frac': 0.6500000000000001, 'SVM__n_iter': 1118}",0.6848187562354506,0.8543398736282007,0.824525043177893,0.7829879101899828,0.7407599309153714,0.7774580383507468,0.06025006899581062,48,0.7283311772315655,0.8701313974746883,0.9047951878680051,0.8962913542593298,0.8757995509806413,0.855069733562846,0.06463912674163357
1.5407350540161133,0.08421385301303273,0.009370946884155273,0.007651349318709372,1e-07,0.7500000000000002,1118,"{'SVM__alpha': 1e-07, 'SVM__gamma_frac': 0.7500000000000002, 'SVM__n_iter': 1118}",0.6616228799467909,0.7003658131027601,0.5962003454231433,0.7792746113989638,0.7507772020725388,0.6975886392937043,0.06483629049159045,150,0.7141009055627429,0.6901681759379045,0.6582687338501293,0.8443046553988223,0.8794954886262548,0.7572675918751707,0.08795632721708421
1.5657114505767822,0.058779330215080756,0.006249618530273437,0.0076541882445915225,1e-07,0.8500000000000002,1118,"{'SVM__alpha': 1e-07, 'SVM__gamma_frac': 0.8500000000000002, 'SVM__n_iter': 1118}",0.787246425008314,0.834968407050216,0.5910189982728842,0.7481865284974093,0.7430051813471503,0.7411361261156026,0.08184970965874286,99,0.8472410806880996,0.8706713138678329,0.6492248062015504,0.8413182530605329,0.8892065912653025,0.8195324090166636,0.08685246378143004
1.5626030445098877,0.02207062378567888,0.003124427795410156,0.006248855590820312,1e-07,0.9500000000000002,1118,"{'SVM__alpha': 1e-07, 'SVM__gamma_frac': 0.9500000000000002, 'SVM__n_iter': 1118}",0.6062520784835383,0.6230462254738942,0.61286701208981,0.7955958549222798,0.7315198618307427,0.6736445638269651,0.07612786279867695,158,0.6345407503234154,0.6306597671410091,0.648578811369509,0.8717435506417587,0.8421654593976362,0.7255376677746657,0.10787318717574478
1.4750788688659668,0.05812275714376795,0.0031249523162841797,0.006249904632568359,3.162277660168379e-08,0.05,1118,"{'SVM__alpha': 3.162277660168379e-08, 'SVM__gamma_frac': 0.05, 'SVM__n_iter': 1118}",0.6935483870967742,0.6935483870967741,0.6448186528497409,0.6088946459412782,0.5588946459412781,0.6401325700347192,0.0515893530799362,168,1.0,1.0,1.0,1.0,1.0,1.0,0.0
1.4875617027282715,0.07087279926650751,0.003124570846557617,0.006249141693115234,3.162277660168379e-08,0.15000000000000002,1118,"{'SVM__alpha': 3.162277660168379e-08, 'SVM__gamma_frac': 0.15000000000000002, 'SVM__n_iter': 1118}",0.7419354838709677,0.8122713668107747,0.7011226252158894,0.7203799654576858,0.6870466321243525,0.7327104719279088,0.043983836960399876,112,1.0,1.0,1.0,1.0,1.0,1.0,0.0
1.5063331127166748,0.1103318755556373,0.009376049041748047,0.007655512006483427,3.162277660168379e-08,0.25000000000000006,1118,"{'SVM__alpha': 3.162277660168379e-08, 'SVM__gamma_frac': 0.25000000000000006, 'SVM__n_iter': 1118}",0.7290488859328235,0.8065347522447621,0.6855785837651122,0.7792746113989638,0.6792746113989637,0.7360561389218183,0.050310805243210695,106,0.9896507115135835,0.9346701164294956,0.9961240310077518,0.9913796755199729,0.9775702122251874,0.9778789493391983,0.022453621343626957
1.5750945568084718,0.08115990668897834,0.006249618530273437,0.007654188243106232,3.162277660168379e-08,0.35000000000000003,1118,"{'SVM__alpha': 3.162277660168379e-08, 'SVM__gamma_frac': 0.35000000000000003, 'SVM__n_iter': 1118}",0.6737612238111074,0.8678084469570999,0.7197754749568221,0.7826424870466321,0.709671848013817,0.7508035777986577,0.06839014688723823,78,0.8117723156532989,0.9540750323415267,0.8430232558139534,0.9509043927648578,0.968346253229974,0.9056242499607222,0.06489821165670392
1.5157279968261719,0.06014592379860444,0.006250143051147461,0.007654830730897141,3.162277660168379e-08,0.45000000000000007,1118,"{'SVM__alpha': 3.162277660168379e-08, 'SVM__gamma_frac': 0.45000000000000007, 'SVM__n_iter': 1118}",0.7202361157299634,0.9000665114732291,0.753454231433506,0.7834196891191709,0.7151986183074267,0.7746025623650773,0.06758179623289624,49,0.7865459249676585,0.9486491398757659,0.8708010335917312,0.9024547803617571,0.8973397721014953,0.8811581301796817,0.05353348122226789
1.5550298690795898,0.10097933221474328,0.0031248092651367187,0.006249618530273437,3.162277660168379e-08,0.5500000000000002,1118,"{'SVM__alpha': 3.162277660168379e-08, 'SVM__gamma_frac': 0.5500000000000002, 'SVM__n_iter': 1118}",0.7260558696375125,0.7074326571333555,0.7971502590673574,0.7874784110535406,0.7344559585492227,0.7503939148497606,0.035363477929513214,79,0.7496765847347997,0.7141009055627427,0.8804909560723514,0.9114775278519084,0.8807451179734824,0.8272982184390569,0.07951219302890357
1.5382058143615722,0.048501943841408046,0.003124856948852539,0.006249713897705078,3.162277660168379e-08,0.6500000000000001,1118,"{'SVM__alpha': 3.162277660168379e-08, 'SVM__gamma_frac': 0.6500000000000001, 'SVM__n_iter': 1118}",0.6770867974725641,0.8594945128034585,0.7808290155440414,0.781174438687392,0.6614853195164078,0.7520721996048916,0.07361922048143539,75,0.7212160413971541,0.8811275164915059,0.8946604820604058,0.8756618799508621,0.7120451560977675,0.8169422151995391,0.08218853240367562
1.5126095771789552,0.030306463500609317,0.012500333786010741,0.006250166897325355,3.162277660168379e-08,0.7500000000000002,1118,"{'SVM__alpha': 3.162277660168379e-08, 'SVM__gamma_frac': 0.7500000000000002, 'SVM__n_iter': 1118}",0.6487362820086466,0.6849018955769869,0.6050949913644212,0.738169257340242,0.74706390328152,0.6847290150578073,0.05355139890880501,154,0.7069857697283313,0.6636481241914621,0.6550387596899225,0.8261744397848094,0.8494937942135807,0.7402681775216212,0.08191767348080155
1.575107955932617,0.03619410351010519,0.00937480926513672,0.007654499810353878,3.162277660168379e-08,0.8500000000000002,1118,"{'SVM__alpha': 3.162277660168379e-08, 'SVM__gamma_frac': 0.8500000000000002, 'SVM__n_iter': 1118}",0.7891586298636515,0.8343032923179248,0.6102763385146804,0.7941278065630397,0.7530224525043179,0.7563762857476757,0.07731210542850002,66,0.8707782280050892,0.8762415404188897,0.6492248062015504,0.8913881475833438,0.8927013174058541,0.8360668079229455,0.0938048439140414
1.57199125289917,0.04025549189222991,0.012499713897705078,0.006249857117112907,3.162277660168379e-08,0.9500000000000002,1118,"{'SVM__alpha': 3.162277660168379e-08, 'SVM__gamma_frac': 0.9500000000000002, 'SVM__n_iter': 1118}",0.7982208180911208,0.6262886597938143,0.6413644214162348,0.7911917098445597,0.738169257340242,0.7190226936390899,0.07282302537093699,127,0.8424620187527398,0.6125485122897802,0.678294573643411,0.8759266319312068,0.7582390816283305,0.7534941636490936,0.09843592611658368
1.3500943183898926,0.036430110795427066,0.009373950958251952,0.007653798981960264,1e-08,0.05,1118,"{'SVM__alpha': 1e-08, 'SVM__gamma_frac': 0.05, 'SVM__n_iter': 1118}",0.6935483870967742,0.7071000997672098,0.6781519861830743,0.6114853195164077,0.6177892918825562,0.6617533876721992,0.03948524788507625,161,1.0,1.0,1.0,1.0,1.0,1.0,0.0
1.4313674449920655,0.04485229575683763,0.00937356948852539,0.0076534874488674125,1e-08,0.15000000000000002,1118,"{'SVM__alpha': 1e-08, 'SVM__gamma_frac': 0.15000000000000002, 'SVM__n_iter': 1118}",0.704522780179581,0.8258230794812104,0.6985319516407599,0.7344559585492229,0.6844559585492229,0.7296852557216451,0.050905201842672936,115,1.0,1.0,1.0,1.0,1.0,1.0,0.0
1.4562959671020508,0.06354722450403356,0.003121089935302734,0.006242179870605468,1e-08,0.25000000000000006,1118,"{'SVM__alpha': 1e-08, 'SVM__gamma_frac': 0.25000000000000006, 'SVM__n_iter': 1118}",0.6659461257066844,0.7736115729963418,0.7026770293609672,0.7370466321243523,0.69853195164076,0.7155777336329728,0.036816053398789315,133,0.8790426908150066,0.9340607058471343,0.9263565891472868,0.9926716651840556,0.9747638412335325,0.9413790984454031,0.039775698173045354
1.4532140731811523,0.0867273332602323,0.012497758865356446,0.006248881107130584,1e-08,0.35000000000000003,1118,"{'SVM__alpha': 1e-08, 'SVM__gamma_frac': 0.35000000000000003, 'SVM__n_iter': 1118}",0.7523279015630197,0.8471898902560691,0.7397236614853194,0.7730569948186528,0.69853195164076,0.7623004599919305,0.0490304104885813,61,0.9382998513893493,0.9165588615782666,0.8787330029228618,0.9147286821705426,0.980598974880332,0.9257838745882705,0.03341391196557622
1.5032634735107422,0.02496305377646172,0.009371328353881835,0.00765165972497275,1e-08,0.45000000000000007,1118,"{'SVM__alpha': 1e-08, 'SVM__gamma_frac': 0.45000000000000007, 'SVM__n_iter': 1118}",0.7176587961423345,0.7564017292983038,0.831174438687392,0.7897236614853195,0.689637305699482,0.7568480909147836,0.050253310423939164,65,0.776843467011643,0.7522639068564038,0.9394776972931759,0.8998708010335916,0.8214089041386029,0.8379729552666835,0.0714027717500395
1.453228807449341,0.022116254361163337,0.0031243324279785155,0.006248664855957032,1e-08,0.5500000000000002,1118,"{'SVM__alpha': 1e-08, 'SVM__gamma_frac': 0.5500000000000002, 'SVM__n_iter': 1118}",0.7131692716993682,0.7177419354838709,0.792314335060449,0.784887737478411,0.7318652849740932,0.7478793944071648,0.03379956122312076,86,0.7432082794307894,0.7199223803363519,0.888624136908544,0.9134155123480323,0.8671580463421866,0.826465671073181,0.079199855103262
1.509470796585083,0.1290748132751038,0.0031239986419677734,0.006247997283935547,1e-08,0.6500000000000001,1118,"{'SVM__alpha': 1e-08, 'SVM__gamma_frac': 0.6500000000000001, 'SVM__n_iter': 1118}",0.7183239108746259,0.6919687396075822,0.792314335060449,0.8119170984455958,0.7341105354058722,0.7495675651705579,0.04527516303762646,81,0.7419146183699872,0.703751617076326,0.9035243783623501,0.8761066632778414,0.9157347396958528,0.8282064033564716,0.08782221576121971
1.5001168251037598,0.03279584122119217,0.006245946884155274,0.007649693182258043,1e-08,0.7500000000000002,1118,"{'SVM__alpha': 1e-08, 'SVM__gamma_frac': 0.7500000000000002, 'SVM__n_iter': 1118}",0.7833388759561025,0.8078649817093448,0.5987910189982728,0.8107944732297064,0.74706390328152,0.7497351949717104,0.07868566691258512,80,0.8778933638395006,0.8857996642896091,0.6621447028423771,0.9047740077095776,0.8945757614266954,0.845037500021552,0.09188397768584934
1.506334114074707,0.046961398516156876,0.003124856948852539,0.006249713897705078,1e-08,0.8500000000000002,1118,"{'SVM__alpha': 1e-08, 'SVM__gamma_frac': 0.8500000000000002, 'SVM__n_iter': 1118}",0.7762720319255072,0.6024276687728631,0.5999136442141624,0.7789291882556131,0.7418825561312609,0.6998473586373231,0.08167839686370412,147,0.8630162616402768,0.6157826649417854,0.6330749354005168,0.8749735248019654,0.8570445206930147,0.7687783814955117,0.11812892313970841
1.5375391960144043,0.03774412205486907,0.009375,0.007654655486297795,1e-08,0.9500000000000002,1118,"{'SVM__alpha': 1e-08, 'SVM__gamma_frac': 0.9500000000000002, 'SVM__n_iter': 1118}",0.7801795809777188,0.6333555038244096,0.6076856649395509,0.7711571675302246,0.7548359240069086,0.7094332053393917,0.07350722317907991,140,0.8323639784888758,0.6377749029754205,0.6537467700258398,0.8644152158258144,0.7733405345871986,0.7523282803806298,0.0919255126227541
1.3844898700714112,0.05976944243151955,0.009388208389282227,0.007665483074770978,3.1622776601683795e-09,0.05,1118,"{'SVM__alpha': 3.1622776601683795e-09, 'SVM__gamma_frac': 0.05, 'SVM__n_iter': 1118}",0.6612903225806452,0.7071000997672098,0.6781519861830743,0.6703799654576857,0.5588946459412781,0.6552671816702966,0.050480526049827876,163,1.0,1.0,1.0,1.0,1.0,1.0,0.0
1.396931028366089,0.028972165739675204,0.006249046325683594,0.007653487475605067,3.1622776601683795e-09,0.15000000000000002,1118,"{'SVM__alpha': 3.1622776601683795e-09, 'SVM__gamma_frac': 0.15000000000000002, 'SVM__n_iter': 1118}",0.7342035251080812,0.807116727635517,0.6677892918825561,0.7011226252158896,0.6792746113989637,0.7180899488134334,0.05007698435716968,128,1.0,1.0,1.0,1.0,1.0,1.0,0.0
1.4251070976257325,0.06657013452311347,0.0031246185302734376,0.006249237060546876,3.1622776601683795e-09,0.25000000000000006,1118,"{'SVM__alpha': 3.1622776601683795e-09, 'SVM__gamma_frac': 0.25000000000000006, 'SVM__n_iter': 1118}",0.7219820419022281,0.7781842367808447,0.6753022452504317,0.7844559585492229,0.7011226252158895,0.7322733132923661,0.042754847175315996,113,0.9683053040103493,0.8835705045278139,0.8720930232558138,0.9961240310077519,0.9941860465116278,0.9428557818626713,0.05411486436790317
1.5188594341278077,0.08805447214913595,0.006249809265136718,0.007654421858019028,3.1622776601683795e-09,0.35000000000000003,1118,"{'SVM__alpha': 3.1622776601683795e-09, 'SVM__gamma_frac': 0.35000000000000003, 'SVM__n_iter': 1118}",0.7084303292317926,0.8116893914200198,0.742314335060449,0.7504317789291882,0.69853195164076,0.7423431150868959,0.039921635795437775,98,0.9715394566623544,0.9508408796895215,0.8972868217054264,0.945736434108527,0.9698182742406913,0.9470443732813042,0.02687228229743814
1.49074387550354,0.03367560798495568,0.0031250476837158202,0.0062500953674316405,3.1622776601683795e-09,0.45000000000000007,1118,"{'SVM__alpha': 3.1622776601683795e-09, 'SVM__gamma_frac': 0.45000000000000007, 'SVM__n_iter': 1118}",0.7150814765547057,0.8839374792151646,0.7626943005181347,0.7986183074265975,0.6922279792746115,0.770615563894669,0.06779056917293198,55,0.7755498059508411,0.9423251686570516,0.9015863938662261,0.8863049095607235,0.8069534460117761,0.8625439448093237,0.061825922888717876
1.5094841480255128,0.07502202556878834,0.012499523162841798,0.006249761585968546,3.1622776601683795e-09,0.5500000000000002,1118,"{'SVM__alpha': 3.1622776601683795e-09, 'SVM__gamma_frac': 0.5500000000000002, 'SVM__n_iter': 1118}",0.733787828400399,0.6997006983704688,0.6520725388601036,0.7708117443868739,0.7315198618307427,0.7175755521678078,0.03969505814367997,130,0.7703751617076326,0.699223803363519,0.727390180878553,0.9050175795314949,0.9418392849578515,0.8087692020878101,0.09702395469876193
1.4626069068908691,0.02540292158726783,0.006248617172241211,0.007652961844276382,3.1622776601683795e-09,0.6500000000000001,1118,"{'SVM__alpha': 3.1622776601683795e-09, 'SVM__gamma_frac': 0.6500000000000001, 'SVM__n_iter': 1118}",0.7131692716993682,0.6997006983704688,0.6465457685664939,0.8126943005181347,0.689637305699482,0.7123283269370598,0.05481470900402047,137,0.7432082794307894,0.6979301423027168,0.6957364341085273,0.8677722709365866,0.8408311094166984,0.7690956472390637,0.07211007093908445
1.4907063007354737,0.0629474498153047,0.0031246662139892576,0.006249332427978515,3.1622776601683795e-09,0.7500000000000002,1118,"{'SVM__alpha': 3.1622776601683795e-09, 'SVM__gamma_frac': 0.7500000000000002, 'SVM__n_iter': 1118}",0.6642001995344198,0.6178915862986364,0.6335924006908462,0.7993091537132988,0.7341105354058722,0.6896464234495724,0.06769207386516984,151,0.7205692108667531,0.6338939197930143,0.6821705426356589,0.8773562926250688,0.8771127208031515,0.7582205373447293,0.10098218792082021
1.493833875656128,0.04374416078582817,0.00625,0.007654655446197432,3.1622776601683795e-09,0.8500000000000002,1118,"{'SVM__alpha': 3.1622776601683795e-09, 'SVM__gamma_frac': 0.8500000000000002, 'SVM__n_iter': 1118}",0.5901230462254738,0.8375457266378449,0.6387737478411053,0.7955958549222798,0.7240932642487048,0.717214203072335,0.09283950511255816,131,0.6371280724450195,0.8678327435236763,0.6666666666666666,0.8661308086584487,0.8294255941034437,0.773436777079451,0.10061555450299775
1.5313708782196045,0.055044189172223756,0.006250238418579102,0.007654947448500716,3.1622776601683795e-09,0.9500000000000002,1118,"{'SVM__alpha': 3.1622776601683795e-09, 'SVM__gamma_frac': 0.9500000000000002, 'SVM__n_iter': 1118}",0.6114067176587962,0.8214166943797805,0.61286701208981,0.7904145077720207,0.7689119170984458,0.7209869563456849,0.09050094896743216,126,0.6403622250970248,0.8643473426491186,0.6537467700258397,0.8749947049603931,0.808287795992714,0.768347767745018,0.10168419863552777
1.36258807182312,0.057111566169032964,0.01249537467956543,0.006247691545704231,1e-09,0.05,1118,"{'SVM__alpha': 1e-09, 'SVM__gamma_frac': 0.05, 'SVM__n_iter': 1118}",0.6774193548387097,0.7232291320252743,0.6922279792746115,0.6729706390328152,0.639637305699482,0.6811656126880582,0.027203779010114303,156,1.0,1.0,1.0,1.0,1.0,1.0,0.0
1.3876265048980714,0.03617709793242698,0.00937356948852539,0.007653487511255274,1e-09,0.15000000000000002,1118,"{'SVM__alpha': 1e-09, 'SVM__gamma_frac': 0.15000000000000002, 'SVM__n_iter': 1118}",0.7393581642833389,0.8232457598935815,0.6959412780656303,0.7126079447322972,0.6677892918825563,0.7279797781175648,0.05314625283294823,117,1.0,1.0,1.0,1.0,1.0,1.0,0.0
1.4126196384429932,0.0546354024337444,0.006249713897705078,0.007654305081010698,1e-09,0.25000000000000006,1118,"{'SVM__alpha': 1e-09, 'SVM__gamma_frac': 0.25000000000000006, 'SVM__n_iter': 1118}",0.7084303292317926,0.7756069171932158,0.7185664939550949,0.7892918825561314,0.6959412780656306,0.7375832917035442,0.03757772174687491,104,0.9734799482535577,0.8835705045278139,0.9689922480620154,0.9844961240310077,0.9916020671834624,0.9604281784115715,0.03924760213646238
1.4094568252563477,0.055369482228875465,0.006249475479125977,0.007654013042318365,1e-09,0.35000000000000003,1118,"{'SVM__alpha': 1e-09, 'SVM__gamma_frac': 0.35000000000000003, 'SVM__n_iter': 1118}",0.6974559361489858,0.8491020951114066,0.8056131260794474,0.7874784110535406,0.703713298791019,0.7686890397181785,0.059193482543552334,56,0.9652154854436404,0.9577047673013804,0.9573643410852712,0.9157982801711356,0.9273202863557418,0.9446806320714339,0.019430680021629027
1.4594866752624511,0.0743733721564586,0.01249837875366211,0.0062491895469286235,1e-09,0.45000000000000007,1118,"{'SVM__alpha': 1e-09, 'SVM__gamma_frac': 0.45000000000000007, 'SVM__n_iter': 1118}",0.7176587961423345,0.8787828400399068,0.8156303972366148,0.7730569948186528,0.6870466321243525,0.774520156866005,0.06854189281613733,50,0.7781371280724453,0.9482535575679173,0.9246198161562249,0.898578811369509,0.8337039861058161,0.8766586598543826,0.062382996331328
1.5032073497772216,0.0435205585539963,0.009371376037597657,0.0076517000730079955,1e-09,0.5500000000000002,1118,"{'SVM__alpha': 1e-09, 'SVM__gamma_frac': 0.5500000000000002, 'SVM__n_iter': 1118}",0.733787828400399,0.7280512138343863,0.6480138169257339,0.7837651122625215,0.6959412780656306,0.7179583473819868,0.04478201975220753,129,0.7613195342820182,0.7302716688227685,0.7118863049095606,0.8823654000931926,0.8755771593171515,0.7922840134849383,0.07255415324138419
1.537620210647583,0.11031344653591485,0.009373998641967774,0.007653838100725355,1e-09,0.6500000000000001,1118,"{'SVM__alpha': 1e-09, 'SVM__gamma_frac': 0.6500000000000001, 'SVM__n_iter': 1118}",0.6693548387096775,0.8543398736282007,0.6195164075993091,0.781174438687392,0.7396373056994818,0.7329083897845767,0.08253915639697429,110,0.7121604139715396,0.8768509510012511,0.6815245478036177,0.8827890032617444,0.7601558859660269,0.782696160400836,0.08318984610689291
1.5188572883605957,0.057143006518815556,0.0031241416931152345,0.006248283386230469,1e-09,0.7500000000000002,1118,"{'SVM__alpha': 1e-09, 'SVM__gamma_frac': 0.7500000000000002, 'SVM__n_iter': 1118}",0.7415197871632856,0.834968407050216,0.6180483592400691,0.7915371329879102,0.7600172711571676,0.7493576943100317,0.07279660452127296,82,0.7820181112548514,0.8735098842119895,0.6640826873385013,0.9006756470538401,0.8449506502308637,0.813047396018009,0.0842680739455455
1.5282261371612549,0.04782150556047913,0.0,0.0,1e-09,0.8500000000000002,1118,"{'SVM__alpha': 1e-09, 'SVM__gamma_frac': 0.8500000000000002, 'SVM__n_iter': 1118}",0.7080146325241105,0.6127369471233787,0.6076856649395509,0.7289291882556131,0.7441278065630399,0.6802276305154284,0.05836300046736333,157,0.7451487710219923,0.6306597671410091,0.6505167958656332,0.8296691659253609,0.8859977972635235,0.7483984594435038,0.09898715644494283
1.4250964641571044,0.11623602557782418,0.0031258106231689454,0.006251621246337891,1e-09,0.9500000000000002,1118,"{'SVM__alpha': 1e-09, 'SVM__gamma_frac': 0.9500000000000002, 'SVM__n_iter': 1118}",0.7556534752244763,0.823328899235118,0.6180483592400691,0.7674438687392056,0.7507772020725388,0.7432163692180189,0.06761775483005954,97,0.8279804988613646,0.8838965926464457,0.648578811369509,0.8542593298597873,0.8546829330283389,0.8138796331530891,0.08452336943068296
