,mean_fit_time,std_fit_time,mean_score_time,std_score_time,param_NN__alpha,param_NN__hidden_layer_sizes,param_km__n_clusters,params,split0_test_score,split1_test_score,split2_test_score,split3_test_score,split4_test_score,mean_test_score,std_test_score,rank_test_score,split0_train_score,split1_train_score,split2_train_score,split3_train_score,split4_train_score,mean_train_score,std_train_score
0,0.42499327659606934,0.011687594915889232,0.0,0.0,0.1,"(50, 50)",2,"{'NN__alpha': 0.1, 'NN__hidden_layer_sizes': (50, 50), 'km__n_clusters': 2}",0.5,0.4999999999999999,0.5,0.5000000000000002,0.5,0.5,1.1100485572673378e-16,79,0.5,0.5,0.5,0.5,0.5,0.5,0.0
1,0.5406148910522461,0.07368898366119443,0.009375,0.007654655450653028,0.1,"(50, 50)",3,"{'NN__alpha': 0.1, 'NN__hidden_layer_sizes': (50, 50), 'km__n_clusters': 3}",0.5,0.4999999999999999,0.5,0.5000000000000002,0.5,0.5,1.1100485572673378e-16,79,0.5,0.5,0.5,0.5,0.5,0.5,0.0
2,0.5968722343444824,0.09343616089638555,0.0031249523162841797,0.006249904632568359,0.1,"(50, 50)",4,"{'NN__alpha': 0.1, 'NN__hidden_layer_sizes': (50, 50), 'km__n_clusters': 4}",0.5,0.4999999999999999,0.5,0.5000000000000002,0.5,0.5,1.1100485572673378e-16,79,0.5,0.5,0.5,0.5,0.5,0.5,0.0
3,0.609487771987915,0.05849527659844495,0.0031250953674316407,0.006250190734863282,0.1,"(50, 50)",5,"{'NN__alpha': 0.1, 'NN__hidden_layer_sizes': (50, 50), 'km__n_clusters': 5}",0.5,0.4999999999999999,0.5,0.5000000000000002,0.5,0.5,1.1100485572673378e-16,79,0.5,0.5,0.5,0.5,0.5,0.5,0.0
4,0.6094883918762207,0.06244768554111003,0.003124904632568359,0.0062498092651367175,0.1,"(50, 50)",6,"{'NN__alpha': 0.1, 'NN__hidden_layer_sizes': (50, 50), 'km__n_clusters': 6}",0.5,0.4999999999999999,0.5,0.5000000000000002,0.5,0.5,1.1100485572673378e-16,79,0.5,0.5,0.5,0.5,0.5,0.5,0.0
5,0.6093706130981446,0.040744722470264956,0.0031251430511474608,0.0062502861022949215,0.1,"(50, 50)",7,"{'NN__alpha': 0.1, 'NN__hidden_layer_sizes': (50, 50), 'km__n_clusters': 7}",0.5,0.4999999999999999,0.5,0.5000000000000002,0.5,0.5,1.1100485572673378e-16,79,0.5,0.5,0.5,0.5,0.5,0.5,0.0
6,0.724995470046997,0.06139579248161055,0.003124713897705078,0.006249427795410156,0.1,"(50, 50)",8,"{'NN__alpha': 0.1, 'NN__hidden_layer_sizes': (50, 50), 'km__n_clusters': 8}",0.5,0.6384355095541401,0.5,0.5000000000000002,0.5,0.5277132054010018,0.05539377182922373,51,0.5,0.6644705625766881,0.5,0.5,0.5,0.5328941125153376,0.06578822503067525
7,0.7906822681427002,0.09868017729784032,0.0031249523162841797,0.006249904632568359,0.1,"(50, 50)",9,"{'NN__alpha': 0.1, 'NN__hidden_layer_sizes': (50, 50), 'km__n_clusters': 9}",0.5,0.4999999999999999,0.5,0.5000000000000002,0.5,0.5,1.1100485572673378e-16,79,0.5,0.5,0.5,0.5,0.5,0.5,0.0
8,0.737651777267456,0.09291238760731778,0.01249995231628418,0.006249976238860052,0.1,"(50, 50)",10,"{'NN__alpha': 0.1, 'NN__hidden_layer_sizes': (50, 50), 'km__n_clusters': 10}",0.5,0.4999999999999999,0.5,0.5000000000000002,0.5,0.5,1.1100485572673378e-16,79,0.5,0.5,0.5,0.5,0.5,0.5,0.0
9,0.9781497478485107,0.11167856434836151,0.0,0.0,0.1,"(50, 50)",15,"{'NN__alpha': 0.1, 'NN__hidden_layer_sizes': (50, 50), 'km__n_clusters': 15}",0.5,0.4999999999999999,0.5,0.5000000000000002,0.5,0.5,1.1100485572673378e-16,79,0.5,0.5,0.5,0.5,0.5,0.5,0.0
10,1.1845486164093018,0.09607968326456075,0.006249904632568359,0.007654538645424632,0.1,"(50, 50)",20,"{'NN__alpha': 0.1, 'NN__hidden_layer_sizes': (50, 50), 'km__n_clusters': 20}",0.5,0.4999999999999999,0.5,0.5000000000000002,0.5,0.5,1.1100485572673378e-16,79,0.5,0.5,0.5,0.5,0.5,0.5,0.0
11,1.5846944332122803,0.6122285488931807,0.0,0.0,0.1,"(50, 50)",25,"{'NN__alpha': 0.1, 'NN__hidden_layer_sizes': (50, 50), 'km__n_clusters': 25}",0.5,0.4999999999999999,0.9671709129511677,0.5000000000000002,0.5,0.5935222726429584,0.18693440028944663,40,0.5,0.5,0.9665901935745953,0.5,0.5,0.5933180387149191,0.1866360774298381
12,1.7656661033630372,0.6307222961592102,0.0,0.0,0.1,"(50, 50)",30,"{'NN__alpha': 0.1, 'NN__hidden_layer_sizes': (50, 50), 'km__n_clusters': 30}",0.9405918259023356,0.4999999999999999,0.5,0.5000000000000002,0.5,0.588201443463164,0.1762990084874879,46,0.9574583740533125,0.5,0.5,0.5,0.5,0.5914916748106626,0.182983349621325
13,1.74386887550354,0.13132382882444418,0.003125,0.006250000000000001,0.1,"(50, 50)",35,"{'NN__alpha': 0.1, 'NN__hidden_layer_sizes': (50, 50), 'km__n_clusters': 35}",0.5,0.4999999999999999,0.5,0.5000000000000002,0.5,0.5,1.1100485572673378e-16,79,0.5,0.5,0.5,0.5,0.5,0.5,0.0
14,3.8504658699035645,0.997025108495593,0.00937514305114746,0.007654772260336815,0.1,"(50, 50)",40,"{'NN__alpha': 0.1, 'NN__hidden_layer_sizes': (50, 50), 'km__n_clusters': 40}",0.9809514331210192,0.9724986730360934,0.9820528131634821,0.9926282051282054,0.9872530913762647,0.983071216559612,0.006725297486776978,4,0.9803607609794106,0.987566324313615,0.9809501254480585,0.9812323337596917,0.9812026515151516,0.9822624392031856,0.0026703562268631867
15,0.1844940662384033,0.011724483696675938,0.003125,0.006250000000000001,0.1,"(50,)",2,"{'NN__alpha': 0.1, 'NN__hidden_layer_sizes': (50,), 'km__n_clusters': 2}",0.5,0.4999999999999999,0.5,0.5000000000000002,0.5,0.5,1.1100485572673378e-16,79,0.5,0.5,0.5,0.5,0.5,0.5,0.0
16,0.23755903244018556,0.01816001083372425,0.0031251907348632812,0.0062503814697265625,0.1,"(50,)",3,"{'NN__alpha': 0.1, 'NN__hidden_layer_sizes': (50,), 'km__n_clusters': 3}",0.5,0.4999999999999999,0.5,0.5000000000000002,0.5,0.5,1.1100485572673378e-16,79,0.5,0.5,0.5,0.5,0.5,0.5,0.0
17,0.28124847412109377,0.022096142846546225,0.0031250476837158202,0.0062500953674316405,0.1,"(50,)",4,"{'NN__alpha': 0.1, 'NN__hidden_layer_sizes': (50,), 'km__n_clusters': 4}",0.5,0.4999999999999999,0.5,0.5000000000000002,0.5,0.5,1.1100485572673378e-16,79,0.5,0.5,0.5,0.5,0.5,0.5,0.0
18,0.2968727111816406,0.022096985763836282,0.003125286102294922,0.006250572204589844,0.1,"(50,)",5,"{'NN__alpha': 0.1, 'NN__hidden_layer_sizes': (50,), 'km__n_clusters': 5}",0.5,0.4999999999999999,0.5,0.5000000000000002,0.5,0.5,1.1100485572673378e-16,79,0.5,0.5,0.5,0.5,0.5,0.5,0.0
19,0.3469230175018311,0.028634917109590433,0.003125,0.006250000000000001,0.1,"(50,)",6,"{'NN__alpha': 0.1, 'NN__hidden_layer_sizes': (50,), 'km__n_clusters': 6}",0.5,0.4999999999999999,0.5,0.5000000000000002,0.5268320753706975,0.5053546096355729,0.01072396591625434,59,0.5,0.5,0.5,0.5,0.5120751096491227,0.5024150219298246,0.0048300438596490915
20,0.3470730781555176,0.020698331121202024,0.0,0.0,0.1,"(50,)",7,"{'NN__alpha': 0.1, 'NN__hidden_layer_sizes': (50,), 'km__n_clusters': 7}",0.5,0.4999999999999999,0.5,0.5000000000000002,0.5,0.5,1.1100485572673378e-16,79,0.5,0.5,0.5,0.5,0.5,0.5,0.0
21,0.37812299728393556,0.030297590902126123,0.0,0.0,0.1,"(50,)",8,"{'NN__alpha': 0.1, 'NN__hidden_layer_sizes': (50,), 'km__n_clusters': 8}",0.5,0.4999999999999999,0.5,0.5000000000000002,0.5,0.5,1.1100485572673378e-16,79,0.5,0.5,0.5,0.5,0.5,0.5,0.0
22,0.4031225204467773,0.03877983822502278,0.00625,0.0125,0.1,"(50,)",9,"{'NN__alpha': 0.1, 'NN__hidden_layer_sizes': (50,), 'km__n_clusters': 9}",0.5,0.4999999999999999,0.5,0.5000000000000002,0.5,0.5,1.1100485572673378e-16,79,0.5,0.5,0.5,0.5,0.5,0.5,0.0
23,0.4656222820281982,0.038780164824017936,0.003124904632568359,0.0062498092651367175,0.1,"(50,)",10,"{'NN__alpha': 0.1, 'NN__hidden_layer_sizes': (50,), 'km__n_clusters': 10}",0.5,0.4999999999999999,0.5,0.5000000000000002,0.5,0.5,1.1100485572673378e-16,79,0.5,0.5,0.5,0.5,0.5,0.5,0.0
24,0.612495756149292,0.045714707827641636,0.006250143051147461,0.007654830650698251,0.1,"(50,)",15,"{'NN__alpha': 0.1, 'NN__hidden_layer_sizes': (50,), 'km__n_clusters': 15}",0.5,0.4999999999999999,0.5,0.5000000000000002,0.5,0.5,1.1100485572673378e-16,79,0.5,0.5,0.5,0.5,0.5,0.5,0.0
25,0.7501079082489014,0.03697519639506666,0.01249990463256836,0.011692590180296574,0.1,"(50,)",20,"{'NN__alpha': 0.1, 'NN__hidden_layer_sizes': (50,), 'km__n_clusters': 20}",0.5,0.4999999999999999,0.5,0.5000000000000002,0.5,0.5,1.1100485572673378e-16,79,0.5,0.5,0.5,0.5,0.5,0.5,0.0
26,0.9907212734222413,0.0847978034629243,0.0062500953674316405,0.007654772248455406,0.1,"(50,)",25,"{'NN__alpha': 0.1, 'NN__hidden_layer_sizes': (50,), 'km__n_clusters': 25}",0.5,0.4999999999999999,0.5,0.5000000000000002,0.5,0.5,1.1100485572673378e-16,79,0.5,0.5,0.5,0.5,0.5,0.5,0.0
27,1.365658712387085,0.06601506316710559,0.003124713897705078,0.006249427795410156,0.1,"(50,)",30,"{'NN__alpha': 0.1, 'NN__hidden_layer_sizes': (50,), 'km__n_clusters': 30}",0.5,0.4989583333333332,0.5,0.5000000000000002,0.5,0.499791470249319,0.0004168139073658994,296,0.5,0.4997394476289734,0.5,0.5,0.5,0.49994788952579466,0.00010422094841064933
28,1.5255139827728272,0.13653610676243946,0.0,0.0,0.1,"(50,)",35,"{'NN__alpha': 0.1, 'NN__hidden_layer_sizes': (50,), 'km__n_clusters': 35}",0.5,0.4999999999999999,0.5,0.5000000000000002,0.5,0.5,1.1100485572673378e-16,79,0.5,0.5,0.5,0.5,0.5,0.5,0.0
29,1.6123210906982421,0.19650076614843356,0.009374904632568359,0.007654577588421918,0.1,"(50,)",40,"{'NN__alpha': 0.1, 'NN__hidden_layer_sizes': (50,), 'km__n_clusters': 40}",0.5,0.4999999999999999,0.5,0.5000000000000002,0.5,0.5,1.1100485572673378e-16,79,0.5,0.5,0.5,0.5,0.5,0.5,0.0
30,0.19062380790710448,0.006249284807025012,0.0,0.0,0.1,"(25,)",2,"{'NN__alpha': 0.1, 'NN__hidden_layer_sizes': (25,), 'km__n_clusters': 2}",0.5,0.5031847133757961,0.5,0.5000000000000002,0.5,0.5006375431867952,0.001274335512965541,71,0.5007987220447284,0.5,0.5,0.5,0.5,0.5001597444089457,0.0003194888178913668
31,0.20937280654907225,0.015934735256891736,0.0,0.0,0.1,"(25,)",3,"{'NN__alpha': 0.1, 'NN__hidden_layer_sizes': (25,), 'km__n_clusters': 3}",0.5,0.4999999999999999,0.5,0.5000000000000002,0.5,0.5,1.1100485572673378e-16,79,0.5,0.5,0.5,0.5,0.5,0.5,0.0
32,0.23437376022338868,0.01976397149753614,0.0,0.0,0.1,"(25,)",4,"{'NN__alpha': 0.1, 'NN__hidden_layer_sizes': (25,), 'km__n_clusters': 4}",0.5,0.4999999999999999,0.5,0.5000000000000002,0.5,0.5,1.1100485572673378e-16,79,0.5,0.5,0.5,0.5,0.5,0.5,0.0
33,0.2781237602233887,0.011692220553368857,0.0,0.0,0.1,"(25,)",5,"{'NN__alpha': 0.1, 'NN__hidden_layer_sizes': (25,), 'km__n_clusters': 5}",0.5,0.4999999999999999,0.5,0.5000000000000002,0.5,0.5,1.1100485572673378e-16,79,0.5,0.5,0.5,0.5,0.5,0.5,0.0
34,0.3093729496002197,0.031868390359399514,0.0,0.0,0.1,"(25,)",6,"{'NN__alpha': 0.1, 'NN__hidden_layer_sizes': (25,), 'km__n_clusters': 6}",0.5,0.4999999999999999,0.5,0.5000000000000002,0.5,0.5,1.1100485572673378e-16,79,0.5,0.5,0.5,0.5,0.5,0.5,0.0
35,0.33437318801879884,0.021194471865887878,0.003124904632568359,0.006249809265136718,0.1,"(25,)",7,"{'NN__alpha': 0.1, 'NN__hidden_layer_sizes': (25,), 'km__n_clusters': 7}",0.5,0.4999999999999999,0.5,0.5000000000000002,0.5,0.5,1.1100485572673378e-16,79,0.5,0.5,0.5,0.5,0.5,0.5,0.0
36,0.3531223773956299,0.03507733708678999,0.0,0.0,0.1,"(25,)",8,"{'NN__alpha': 0.1, 'NN__hidden_layer_sizes': (25,), 'km__n_clusters': 8}",0.5,0.4999999999999999,0.5063694267515924,0.5556891025641028,0.5032051282051282,0.5130455218358863,0.02144414501202855,55,0.5,0.5,0.5023961661341854,0.5510840557739984,0.5015948963317384,0.5110150236479845,0.020055983301470466
37,0.37812371253967286,0.030297517137426823,0.0,0.0,0.1,"(25,)",9,"{'NN__alpha': 0.1, 'NN__hidden_layer_sizes': (25,), 'km__n_clusters': 9}",0.5,0.4999999999999999,0.5,0.5000000000000002,0.5,0.5,1.1100485572673378e-16,79,0.5,0.5,0.5,0.5,0.5,0.5,0.0
38,0.4687481880187988,0.029646302814254497,0.0,0.0,0.1,"(25,)",10,"{'NN__alpha': 0.1, 'NN__hidden_layer_sizes': (25,), 'km__n_clusters': 10}",0.5,0.4999999999999999,0.5,0.5000000000000002,0.5,0.5,1.1100485572673378e-16,79,0.5,0.5,0.5,0.5,0.5,0.5,0.0
39,0.5660459041595459,0.04238973114437777,0.0,0.0,0.1,"(25,)",15,"{'NN__alpha': 0.1, 'NN__hidden_layer_sizes': (25,), 'km__n_clusters': 15}",0.5,0.4999999999999999,0.5,0.5000000000000002,0.5,0.5,1.1100485572673378e-16,79,0.5,0.5,0.5,0.5,0.5,0.5,0.0
40,0.7720393657684326,0.03350808481360063,0.006249523162841797,0.007654071466098426,0.1,"(25,)",20,"{'NN__alpha': 0.1, 'NN__hidden_layer_sizes': (25,), 'km__n_clusters': 20}",0.5063694267515924,0.5063694267515922,0.5021430467091295,0.5032051282051284,0.5,0.5036198089169408,0.0024724068732313253,63,0.5053305019420724,0.5029343358078872,0.5039936102236421,0.5021317921265812,0.5005370314992025,0.5029854543198771,0.0016273753855820202
41,0.9562448501586914,0.08970283572763059,0.009375047683715821,0.007654694478306038,0.1,"(25,)",25,"{'NN__alpha': 0.1, 'NN__hidden_layer_sizes': (25,), 'km__n_clusters': 25}",0.5,0.4999999999999999,0.5,0.5000000000000002,0.5,0.5,1.1100485572673378e-16,79,0.5,0.5,0.5,0.5,0.5,0.5,0.0
42,1.027116060256958,0.05410843288042384,0.006249380111694336,0.007653896250457645,0.1,"(25,)",30,"{'NN__alpha': 0.1, 'NN__hidden_layer_sizes': (25,), 'km__n_clusters': 30}",0.5,0.4999999999999999,0.5,0.5000000000000002,0.5,0.5,1.1100485572673378e-16,79,0.5,0.5,0.5,0.5,0.5,0.5,0.0
43,1.320923089981079,0.11667416102495708,0.0,0.0,0.1,"(25,)",35,"{'NN__alpha': 0.1, 'NN__hidden_layer_sizes': (25,), 'km__n_clusters': 35}",0.5,0.4999999999999999,0.5,0.5000000000000002,0.5,0.5,1.1100485572673378e-16,79,0.5,0.5,0.5,0.5,0.5,0.5,0.0
44,1.2760529041290283,0.11627385920249718,0.006249332427978515,0.00765383785415605,0.1,"(25,)",40,"{'NN__alpha': 0.1, 'NN__hidden_layer_sizes': (25,), 'km__n_clusters': 40}",0.5,0.4999999999999999,0.5,0.5000000000000002,0.5,0.5,1.1100485572673378e-16,79,0.5,0.5,0.5,0.5,0.5,0.5,0.0
45,0.21249938011169434,0.01249933256259092,0.0,0.0,0.1,"(25, 25)",2,"{'NN__alpha': 0.1, 'NN__hidden_layer_sizes': (25, 25), 'km__n_clusters': 2}",0.5,0.5031847133757961,0.5,0.5000000000000002,0.5,0.5006375431867952,0.001274335512965541,71,0.5007987220447284,0.5,0.5007987220447284,0.5007974481658692,0.5007974481658692,0.5006384680842391,0.0003192345504506749
46,0.27187280654907225,0.015935202853511257,0.006249666213989258,0.007654246646834508,0.1,"(25, 25)",3,"{'NN__alpha': 0.1, 'NN__hidden_layer_sizes': (25, 25), 'km__n_clusters': 3}",0.5031847133757962,0.5031847133757962,0.5021430467091295,0.5032051282051284,0.5,0.5023447225433505,0.001239247614024108,69,0.5029343358078872,0.5013368917184303,0.5047923322683705,0.5037266884583196,0.5037268241626794,0.5033034144831373,0.0011470609084626253
47,0.27187395095825195,0.015934146106952898,0.009374427795410156,0.012499117854327085,0.1,"(25, 25)",4,"{'NN__alpha': 0.1, 'NN__hidden_layer_sizes': (25, 25), 'km__n_clusters': 4}",0.5,0.4999999999999999,0.5,0.5000000000000002,0.5,0.5,1.1100485572673378e-16,79,0.5,0.5,0.5,0.5,0.5,0.5,0.0
48,0.2906229019165039,0.007654889133881922,0.012499713897705078,0.011692284271851717,0.1,"(25, 25)",5,"{'NN__alpha': 0.1, 'NN__hidden_layer_sizes': (25, 25), 'km__n_clusters': 5}",0.5,0.4999999999999999,0.5,0.5000000000000002,0.5,0.5,1.1100485572673378e-16,79,0.5,0.5,0.5,0.5,0.5,0.5,0.0
49,0.33437323570251465,0.021194106274731058,0.009374427795410156,0.0076541882535032585,0.1,"(25, 25)",6,"{'NN__alpha': 0.1, 'NN__hidden_layer_sizes': (25, 25), 'km__n_clusters': 6}",0.5,0.4999999999999999,0.5,0.5000000000000002,0.5,0.5,1.1100485572673378e-16,79,0.5,0.5,0.5,0.5,0.5,0.5,0.0
50,0.3690800189971924,0.016397901515984595,0.00625,0.007654655446197432,0.1,"(25, 25)",7,"{'NN__alpha': 0.1, 'NN__hidden_layer_sizes': (25, 25), 'km__n_clusters': 7}",0.5,0.4999999999999999,0.5,0.5000000000000002,0.5,0.5,1.1100485572673378e-16,79,0.5,0.5,0.5,0.5,0.5,0.5,0.0
51,0.4172853469848633,0.02724281756587088,0.012499189376831055,0.006249594720022518,0.1,"(25, 25)",8,"{'NN__alpha': 0.1, 'NN__hidden_layer_sizes': (25, 25), 'km__n_clusters': 8}",0.5,0.4999999999999999,0.5,0.5000000000000002,0.5,0.5,1.1100485572673378e-16,79,0.5,0.5,0.5,0.5,0.5,0.5,0.0
52,0.4319132328033447,0.0195263265611735,0.009374475479125977,0.00765422718461867,0.1,"(25, 25)",9,"{'NN__alpha': 0.1, 'NN__hidden_layer_sizes': (25, 25), 'km__n_clusters': 9}",0.5,0.4999999999999999,0.5,0.5000000000000002,0.5,0.5,1.1100485572673378e-16,79,0.5,0.5,0.5,0.5,0.5,0.5,0.0
53,0.471873140335083,0.03749934038989666,0.006250190734863281,0.007654889053683644,0.1,"(25, 25)",10,"{'NN__alpha': 0.1, 'NN__hidden_layer_sizes': (25, 25), 'km__n_clusters': 10}",0.5,0.4999999999999999,0.5,0.5000000000000002,0.5,0.5,1.1100485572673378e-16,79,0.5,0.5,0.5,0.5,0.5,0.5,0.0
54,0.6156208515167236,0.03217414062496716,0.009374189376831054,0.0076539935994119086,0.1,"(25, 25)",15,"{'NN__alpha': 0.1, 'NN__hidden_layer_sizes': (25, 25), 'km__n_clusters': 15}",0.5,0.4999999999999999,0.5,0.5000000000000002,0.5,0.5,1.1100485572673378e-16,79,0.5,0.5,0.5,0.5,0.5,0.5,0.0
55,0.7999961376190186,0.04122191008443477,0.01874828338623047,0.006249904698052976,0.1,"(25, 25)",20,"{'NN__alpha': 0.1, 'NN__hidden_layer_sizes': (25, 25), 'km__n_clusters': 20}",0.5,0.4999999999999999,0.5,0.5000000000000002,0.5,0.5,1.1100485572673378e-16,79,0.5,0.5,0.5,0.5,0.5,0.5,0.0
56,0.9843688488006592,0.0921726570624422,0.02187342643737793,0.012499237066913726,0.1,"(25, 25)",25,"{'NN__alpha': 0.1, 'NN__hidden_layer_sizes': (25, 25), 'km__n_clusters': 25}",0.5,0.4999999999999999,0.6435509554140129,0.5000000000000002,0.5,0.5287372591447914,0.05744067324692482,50,0.5,0.5,0.6453798986759277,0.5,0.5,0.5290759797351855,0.058151959470371085
57,1.0726436138153077,0.058265188975331866,0.006250190734863281,0.007654889053683644,0.1,"(25, 25)",30,"{'NN__alpha': 0.1, 'NN__hidden_layer_sizes': (25, 25), 'km__n_clusters': 30}",0.5,0.4999999999999999,0.5,0.5000000000000002,0.5,0.5,1.1100485572673378e-16,79,0.5,0.5,0.5,0.5,0.5,0.5,0.0
58,1.2945165634155273,0.07607650317220661,0.0031250476837158202,0.0062500953674316405,0.1,"(25, 25)",35,"{'NN__alpha': 0.1, 'NN__hidden_layer_sizes': (25, 25), 'km__n_clusters': 35}",0.5,0.4999999999999999,0.5,0.5000000000000002,0.5,0.5,1.1100485572673378e-16,79,0.5,0.5,0.5,0.5,0.5,0.5,0.0
59,1.4633715629577637,0.28274203584213425,0.0,0.0,0.1,"(25, 25)",40,"{'NN__alpha': 0.1, 'NN__hidden_layer_sizes': (25, 25), 'km__n_clusters': 40}",0.9470806794055201,0.4999999999999999,0.5,0.5000000000000002,0.5,0.589500437706259,0.1788954670951552,44,0.9654967892955428,0.5,0.5,0.5,0.5,0.5930993578591085,0.18619871571821714
60,0.8600301742553711,0.1585260946359442,0.0031249523162841797,0.006249904632568359,0.1,"(100, 25, 100)",2,"{'NN__alpha': 0.1, 'NN__hidden_layer_sizes': (100, 25, 100), 'km__n_clusters': 2}",0.5,0.4999999999999999,0.5,0.5000000000000002,0.5,0.5,1.1100485572673378e-16,79,0.5,0.5,0.5,0.5,0.5,0.5,0.0
61,0.7343908309936523,0.032795648731545016,0.0062500953674316405,0.0076547722469702305,0.1,"(100, 25, 100)",3,"{'NN__alpha': 0.1, 'NN__hidden_layer_sizes': (100, 25, 100), 'km__n_clusters': 3}",0.5,0.4999999999999999,0.5,0.5000000000000002,0.5,0.5,1.1100485572673378e-16,79,0.5,0.5,0.5,0.5,0.5,0.5,0.0
62,0.7750486850738525,0.0350775155058344,0.0031251907348632812,0.0062503814697265625,0.1,"(100, 25, 100)",4,"{'NN__alpha': 0.1, 'NN__hidden_layer_sizes': (100, 25, 100), 'km__n_clusters': 4}",0.5,0.4999999999999999,0.5,0.5000000000000002,0.5,0.5,1.1100485572673378e-16,79,0.5,0.5,0.5,0.5,0.5,0.5,0.0
63,0.8750386238098145,0.06774563984701788,0.0031251430511474608,0.0062502861022949215,0.1,"(100, 25, 100)",5,"{'NN__alpha': 0.1, 'NN__hidden_layer_sizes': (100, 25, 100), 'km__n_clusters': 5}",0.5,0.4999999999999999,0.5,0.5000000000000002,0.5,0.5,1.1100485572673378e-16,79,0.5,0.5,0.5,0.5,0.5,0.5,0.0
64,0.8437988758087158,0.04528509166580838,0.0031248092651367187,0.006249618530273437,0.1,"(100, 25, 100)",6,"{'NN__alpha': 0.1, 'NN__hidden_layer_sizes': (100, 25, 100), 'km__n_clusters': 6}",0.5,0.4999999999999999,0.5,0.5000000000000002,0.5,0.5,1.1100485572673378e-16,79,0.5,0.5,0.5,0.5,0.5,0.5,0.0
65,0.9468687057495118,0.018748776159025295,0.003124713897705078,0.006249427795410156,0.1,"(100, 25, 100)",7,"{'NN__alpha': 0.1, 'NN__hidden_layer_sizes': (100, 25, 100), 'km__n_clusters': 7}",0.5,0.4999999999999999,0.5,0.5000000000000002,0.5,0.5,1.1100485572673378e-16,79,0.5,0.5,0.5,0.5,0.5,0.5,0.0
66,1.0251055717468263,0.041515975475676245,0.009375190734863282,0.007654811204818916,0.1,"(100, 25, 100)",8,"{'NN__alpha': 0.1, 'NN__hidden_layer_sizes': (100, 25, 100), 'km__n_clusters': 8}",0.5,0.4999999999999999,0.5,0.5000000000000002,0.5,0.5,1.1100485572673378e-16,79,0.5,0.5,0.5,0.5,0.5,0.5,0.0
67,0.9346467971801757,0.03877988434305379,0.009374475479125977,0.007654227208383177,0.1,"(100, 25, 100)",9,"{'NN__alpha': 0.1, 'NN__hidden_layer_sizes': (100, 25, 100), 'km__n_clusters': 9}",0.5,0.4999999999999999,0.5,0.5000000000000002,0.5,0.5,1.1100485572673378e-16,79,0.5,0.5,0.5,0.5,0.5,0.5,0.0
68,1.0594246864318848,0.030332575821690303,0.006249809265136718,0.007654421844651832,0.1,"(100, 25, 100)",10,"{'NN__alpha': 0.1, 'NN__hidden_layer_sizes': (100, 25, 100), 'km__n_clusters': 10}",0.5,0.4999999999999999,0.5,0.5000000000000002,0.5,0.5,1.1100485572673378e-16,79,0.5,0.5,0.5,0.5,0.5,0.5,0.0
69,2.5945003509521483,0.041926043561030676,0.006249904632568359,0.0076545386587916235,0.1,"(100, 25, 100)",15,"{'NN__alpha': 0.1, 'NN__hidden_layer_sizes': (100, 25, 100), 'km__n_clusters': 15}",0.9830944798301486,0.9682722929936306,0.9778264331210191,0.9755608974358977,0.9915020609175099,0.9792446925325853,0.007756669792435265,20,0.9862294325951847,0.9824963747425692,0.9782934069428465,0.9621409509371989,0.9798843700159489,0.9778089070467496,0.008281361473185965
70,1.7255708217620849,0.6255262923211143,0.0062500953674316405,0.007654772270733046,0.1,"(100, 25, 100)",20,"{'NN__alpha': 0.1, 'NN__hidden_layer_sizes': (100, 25, 100), 'km__n_clusters': 20}",0.9427945859872612,0.4999999999999999,0.5,0.5000000000000002,0.5,0.5886424108340306,0.17718042388395572,45,0.9638993452060861,0.5,0.5,0.5,0.5,0.5927798690412172,0.18555973808243445
71,2.8346542835235597,0.5294034867229956,0.003125,0.006250000000000001,0.1,"(100, 25, 100)",25,"{'NN__alpha': 0.1, 'NN__hidden_layer_sizes': (100, 25, 100), 'km__n_clusters': 25}",0.983154193205945,0.4999999999999999,0.9841361464968154,0.9926282051282054,0.9915020609175099,0.8901883386344486,0.19524600335856082,23,0.9862294325951847,0.5,0.9862294325951849,0.9802059153283749,0.9833345793460926,0.8871998719729675,0.19361273443257063
72,2.1314592361450195,0.8048829122349492,0.00624995231628418,0.007654597046182335,0.1,"(100, 25, 100)",30,"{'NN__alpha': 0.1, 'NN__hidden_layer_sizes': (100, 25, 100), 'km__n_clusters': 30}",0.9810111464968155,0.4999999999999999,0.5,0.5000000000000002,0.5,0.5962929290755725,0.19247245003954308,36,0.9846149235740793,0.5,0.5,0.5,0.5,0.5969229847148159,0.19384596942963173
73,3.3815070152282716,0.16646011044807207,0.0,0.0,0.1,"(100, 25, 100)",35,"{'NN__alpha': 0.1, 'NN__hidden_layer_sizes': (100, 25, 100), 'km__n_clusters': 35}",0.9778264331210191,0.9693139596602972,0.9671111995753716,0.9947115384615386,0.9915020609175099,0.9800812732480728,0.011256752930532158,14,0.9827739920452445,0.9841279486953236,0.9702379267689675,0.9806480648064805,0.9854665071770335,0.9806508878986099,0.00544458408867967
74,3.2658912181854247,0.19415198247369475,0.0031250953674316407,0.006250190734863282,0.1,"(100, 25, 100)",40,"{'NN__alpha': 0.1, 'NN__hidden_layer_sizes': (100, 25, 100), 'km__n_clusters': 40}",0.9778264331210191,0.9671709129511677,0.9809514331210192,0.9926282051282054,0.9861356458433703,0.980935589540588,0.008519784002040627,12,0.9825134396742179,0.9819582050688673,0.9864729200345628,0.984437917475958,0.9756205143540669,0.9822005993215346,0.00365273757716508
75,0.42812304496765136,0.021194935887921217,0.0,0.0,0.01,"(50, 50)",2,"{'NN__alpha': 0.01, 'NN__hidden_layer_sizes': (50, 50), 'km__n_clusters': 2}",0.5,0.4999999999999999,0.5,0.5000000000000002,0.5,0.5,1.1100485572673378e-16,79,0.5,0.5,0.5,0.5,0.5,0.5,0.0
76,0.47192935943603515,0.024983739154186255,0.0,0.0,0.01,"(50, 50)",3,"{'NN__alpha': 0.01, 'NN__hidden_layer_sizes': (50, 50), 'km__n_clusters': 3}",0.5,0.4999999999999999,0.5,0.5000000000000002,0.5,0.5,1.1100485572673378e-16,79,0.5,0.5,0.5,0.5,0.5,0.5,0.0
77,0.5000099658966064,0.03565313052486619,0.00625,0.007654655446197432,0.01,"(50, 50)",4,"{'NN__alpha': 0.01, 'NN__hidden_layer_sizes': (50, 50), 'km__n_clusters': 4}",0.5,0.4999999999999999,0.5,0.5000000000000002,0.5,0.5,1.1100485572673378e-16,79,0.5,0.5,0.5,0.5,0.5,0.5,0.0
78,0.515688419342041,0.019764084591504832,0.0031249523162841797,0.006249904632568359,0.01,"(50, 50)",5,"{'NN__alpha': 0.01, 'NN__hidden_layer_sizes': (50, 50), 'km__n_clusters': 5}",0.5,0.4999999999999999,0.5,0.5000000000000002,0.5,0.5,1.1100485572673378e-16,79,0.5,0.5,0.5,0.5,0.5,0.5,0.0
79,0.5999949932098388,0.07434809209811981,0.006249856948852539,0.007654480254320936,0.01,"(50, 50)",6,"{'NN__alpha': 0.01, 'NN__hidden_layer_sizes': (50, 50), 'km__n_clusters': 6}",0.5,0.4999999999999999,0.5,0.5000000000000002,0.5,0.5,1.1100485572673378e-16,79,0.5,0.5,0.5,0.5,0.5,0.5,0.0
80,0.6218710899353027,0.043526052463797836,0.00625,0.007654655447682631,0.01,"(50, 50)",7,"{'NN__alpha': 0.01, 'NN__hidden_layer_sizes': (50, 50), 'km__n_clusters': 7}",0.5,0.4999999999999999,0.5,0.5000000000000002,0.5,0.5,1.1100485572673378e-16,79,0.5,0.5,0.5,0.5,0.5,0.5,0.0
81,0.7111927032470703,0.0474803292944934,0.0031252384185791017,0.006250476837158203,0.01,"(50, 50)",8,"{'NN__alpha': 0.01, 'NN__hidden_layer_sizes': (50, 50), 'km__n_clusters': 8}",0.5,0.6384355095541401,0.5,0.5000000000000002,0.5,0.5277132054010018,0.05539377182922373,51,0.5,0.6630654111316631,0.5,0.5,0.5,0.5326130822263326,0.06522616445266521
82,0.7122269630432129,0.05134823528081377,0.0031250476837158202,0.006250095367431641,0.01,"(50, 50)",9,"{'NN__alpha': 0.01, 'NN__hidden_layer_sizes': (50, 50), 'km__n_clusters': 9}",0.5,0.4999999999999999,0.5,0.5000000000000002,0.5,0.5,1.1100485572673378e-16,79,0.5,0.5,0.5,0.5,0.5,0.5,0.0
83,0.8924408912658691,0.05580023022214813,0.009375667572021485,0.007655200542212107,0.01,"(50, 50)",10,"{'NN__alpha': 0.01, 'NN__hidden_layer_sizes': (50, 50), 'km__n_clusters': 10}",0.5,0.4999999999999999,0.5,0.5000000000000002,0.5,0.5,1.1100485572673378e-16,79,0.5,0.5,0.5,0.5,0.5,0.5,0.0
84,1.5095547199249268,0.8316785873366741,0.0,0.0,0.01,"(50, 50)",15,"{'NN__alpha': 0.01, 'NN__hidden_layer_sizes': (50, 50), 'km__n_clusters': 15}",0.5,0.4999999999999999,0.9671709129511677,0.5000000000000002,0.5,0.5935222726429584,0.18693440028944663,40,0.5,0.5,0.9615031790719005,0.5,0.5,0.5923006358143801,0.1846012716287602
85,1.2004648208618165,0.10977625134603608,0.0,0.0,0.01,"(50, 50)",20,"{'NN__alpha': 0.01, 'NN__hidden_layer_sizes': (50, 50), 'km__n_clusters': 20}",0.5,0.4999999999999999,0.5,0.5000000000000002,0.5,0.5,1.1100485572673378e-16,79,0.5,0.5,0.5,0.5,0.5,0.5,0.0
86,1.94497709274292,0.797834265199621,0.0,0.0,0.01,"(50, 50)",25,"{'NN__alpha': 0.01, 'NN__hidden_layer_sizes': (50, 50), 'km__n_clusters': 25}",0.5,0.4999999999999999,0.9619625796178344,0.5000000000000002,0.9915020609175099,0.6905637875233122,0.23370095649833744,30,0.5,0.5,0.9676665329219991,0.5,0.9836111941786283,0.6902555454201256,0.2330690499978987
87,2.6843307971954347,0.709212652831697,0.0,0.0,0.01,"(50, 50)",30,"{'NN__alpha': 0.01, 'NN__hidden_layer_sizes': (50, 50), 'km__n_clusters': 30}",0.9406515392781317,0.9512473460721866,0.9671709129511677,0.5000000000000002,0.9850918045072534,0.868875159453222,0.18497534982369543,26,0.9681364428691063,0.9630323634347627,0.97266822276645,0.5,0.966588167862839,0.8740850393866315,0.18706810656465675
88,1.74442400932312,0.2219018177196905,0.0,0.0,0.01,"(50, 50)",35,"{'NN__alpha': 0.01, 'NN__hidden_layer_sizes': (50, 50), 'km__n_clusters': 35}",0.5,0.4999999999999999,0.5,0.5000000000000002,0.5,0.5,1.1100485572673378e-16,79,0.5,0.5,0.5,0.5,0.5,0.5,0.0
89,3.941083526611328,1.282836417407373,0.0031253814697265623,0.006250762939453125,0.01,"(50, 50)",40,"{'NN__alpha': 0.01, 'NN__hidden_layer_sizes': (50, 50), 'km__n_clusters': 40}",0.9713972929936305,0.9693139596602972,0.9841361464968154,0.981971153846154,0.9915020609175099,0.9796559571928962,0.00825586873086198,16,0.980621313350437,0.985691262921483,0.9822528873031914,0.9706365373379444,0.9854665071770335,0.9809337016180179,0.0054963650771138175
90,0.18450369834899902,0.006316258512705864,0.00624995231628418,0.007654597090738634,0.01,"(50,)",2,"{'NN__alpha': 0.01, 'NN__hidden_layer_sizes': (50,), 'km__n_clusters': 2}",0.5,0.4999999999999999,0.5,0.5000000000000002,0.5,0.5,1.1100485572673378e-16,79,0.5,0.5,0.5,0.5,0.5,0.5,0.0
91,0.22501225471496583,0.021211743914220864,0.0,0.0,0.01,"(50,)",3,"{'NN__alpha': 0.01, 'NN__hidden_layer_sizes': (50,), 'km__n_clusters': 3}",0.5,0.4999999999999999,0.5,0.5000000000000002,0.5,0.5,1.1100485572673378e-16,79,0.5,0.5,0.5,0.5,0.5,0.5,0.0
92,0.287526273727417,0.02119718554597141,0.0031250476837158202,0.006250095367431641,0.01,"(50,)",4,"{'NN__alpha': 0.01, 'NN__hidden_layer_sizes': (50,), 'km__n_clusters': 4}",0.5,0.4999999999999999,0.5,0.5000000000000002,0.5,0.5,1.1100485572673378e-16,79,0.5,0.5,0.5,0.5,0.5,0.5,0.0
93,0.2968728542327881,0.009882042312721388,0.0,0.0,0.01,"(50,)",5,"{'NN__alpha': 0.01, 'NN__hidden_layer_sizes': (50,), 'km__n_clusters': 5}",0.5,0.4999999999999999,0.5,0.5000000000000002,0.5,0.5,1.1100485572673378e-16,79,0.5,0.5,0.5,0.5,0.5,0.5,0.0
94,0.34999747276306153,0.03644378055724314,0.0,0.0,0.01,"(50,)",6,"{'NN__alpha': 0.01, 'NN__hidden_layer_sizes': (50,), 'km__n_clusters': 6}",0.5,0.4999999999999999,0.5,0.5000000000000002,0.5268320753706975,0.5053546096355729,0.01072396591625434,59,0.5,0.5,0.5,0.5,0.5094061503189792,0.5018812300637958,0.0037624601275916716
95,0.3437475681304932,0.01711576405685344,0.0,0.0,0.01,"(50,)",7,"{'NN__alpha': 0.01, 'NN__hidden_layer_sizes': (50,), 'km__n_clusters': 7}",0.5,0.4999999999999999,0.5,0.5000000000000002,0.5,0.5,1.1100485572673378e-16,79,0.5,0.5,0.5,0.5,0.5,0.5,0.0
96,0.3689821720123291,0.025387256110484365,0.003124856948852539,0.006249713897705078,0.01,"(50,)",8,"{'NN__alpha': 0.01, 'NN__hidden_layer_sizes': (50,), 'km__n_clusters': 8}",0.5,0.4999999999999999,0.5,0.5000000000000002,0.5,0.5,1.1100485572673378e-16,79,0.5,0.5,0.5,0.5,0.5,0.5,0.0
97,0.4094661235809326,0.038885938017250196,0.006250143051147461,0.007654830665549898,0.01,"(50,)",9,"{'NN__alpha': 0.01, 'NN__hidden_layer_sizes': (50,), 'km__n_clusters': 9}",0.5,0.4999999999999999,0.5,0.5000000000000002,0.5,0.5,1.1100485572673378e-16,79,0.5,0.5,0.5,0.5,0.5,0.5,0.0
98,0.47499794960021974,0.027242850394245975,0.0062500953674316405,0.007654772260336814,0.01,"(50,)",10,"{'NN__alpha': 0.01, 'NN__hidden_layer_sizes': (50,), 'km__n_clusters': 10}",0.5,0.4999999999999999,0.5,0.5000000000000002,0.5,0.5,1.1100485572673378e-16,79,0.5,0.5,0.5,0.5,0.5,0.5,0.0
99,0.6219331741333007,0.04352590527231243,0.0,0.0,0.01,"(50,)",15,"{'NN__alpha': 0.01, 'NN__hidden_layer_sizes': (50,), 'km__n_clusters': 15}",0.5,0.4999999999999999,0.5,0.5000000000000002,0.5,0.5,1.1100485572673378e-16,79,0.5,0.5,0.5,0.5,0.5,0.5,0.0
100,0.7562711238861084,0.040239919847991225,0.0,0.0,0.01,"(50,)",20,"{'NN__alpha': 0.01, 'NN__hidden_layer_sizes': (50,), 'km__n_clusters': 20}",0.5,0.4999999999999999,0.5,0.5000000000000002,0.5,0.5,1.1100485572673378e-16,79,0.5,0.5,0.5,0.5,0.5,0.5,0.0
101,0.975058650970459,0.06059514983225013,0.006250429153442383,0.007655181053016498,0.01,"(50,)",25,"{'NN__alpha': 0.01, 'NN__hidden_layer_sizes': (50,), 'km__n_clusters': 25}",0.5,0.4999999999999999,0.5,0.5000000000000002,0.5,0.5,1.1100485572673378e-16,79,0.5,0.5,0.5,0.5,0.5,0.5,0.0
102,1.3000816345214843,0.1153997973380065,0.0,0.0,0.01,"(50,)",30,"{'NN__alpha': 0.01, 'NN__hidden_layer_sizes': (50,), 'km__n_clusters': 30}",0.5,0.4989583333333332,0.5,0.5000000000000002,0.5,0.499791470249319,0.0004168139073658994,296,0.5,0.4997394476289734,0.5,0.5,0.5,0.49994788952579466,0.00010422094841064933
103,1.4625210285186767,0.10895023232072847,0.0,0.0,0.01,"(50,)",35,"{'NN__alpha': 0.01, 'NN__hidden_layer_sizes': (50,), 'km__n_clusters': 35}",0.5,0.4999999999999999,0.5,0.5000000000000002,0.5,0.5,1.1100485572673378e-16,79,0.5,0.5,0.5,0.5,0.5,0.5,0.0
104,1.8923638820648194,0.509973251921807,0.009374713897705078,0.012499618530273439,0.01,"(50,)",40,"{'NN__alpha': 0.01, 'NN__hidden_layer_sizes': (50,), 'km__n_clusters': 40}",0.5,0.4999999999999999,0.5,0.5000000000000002,0.5,0.5,1.1100485572673378e-16,79,0.5,0.5,0.5,0.5,0.5,0.5,0.0
105,0.1781248092651367,0.007654519437924704,0.0,0.0,0.01,"(25,)",2,"{'NN__alpha': 0.01, 'NN__hidden_layer_sizes': (25,), 'km__n_clusters': 2}",0.5,0.5031847133757961,0.5,0.5000000000000002,0.5,0.5006375431867952,0.001274335512965541,71,0.5007987220447284,0.5,0.5,0.5,0.5,0.5001597444089457,0.0003194888178913668
106,0.2062476634979248,0.018221920959471463,0.0,0.0,0.01,"(25,)",3,"{'NN__alpha': 0.01, 'NN__hidden_layer_sizes': (25,), 'km__n_clusters': 3}",0.5,0.4999999999999999,0.5,0.5000000000000002,0.5,0.5,1.1100485572673378e-16,79,0.5,0.5,0.5,0.5,0.5,0.5,0.0
107,0.22499804496765136,0.023384989097583946,0.0,0.0,0.01,"(25,)",4,"{'NN__alpha': 0.01, 'NN__hidden_layer_sizes': (25,), 'km__n_clusters': 4}",0.5,0.4999999999999999,0.5,0.5000000000000002,0.5,0.5,1.1100485572673378e-16,79,0.5,0.5,0.5,0.5,0.5,0.5,0.0
108,0.27000064849853517,0.009882193085074239,0.003124904632568359,0.0062498092651367175,0.01,"(25,)",5,"{'NN__alpha': 0.01, 'NN__hidden_layer_sizes': (25,), 'km__n_clusters': 5}",0.5,0.4999999999999999,0.5,0.5000000000000002,0.5,0.5,1.1100485572673378e-16,79,0.5,0.5,0.5,0.5,0.5,0.5,0.0
109,0.27899832725524903,0.027541704834592173,0.0031251430511474608,0.0062502861022949215,0.01,"(25,)",6,"{'NN__alpha': 0.01, 'NN__hidden_layer_sizes': (25,), 'km__n_clusters': 6}",0.5,0.4999999999999999,0.5,0.5000000000000002,0.5,0.5,1.1100485572673378e-16,79,0.5,0.5,0.5,0.5,0.5,0.5,0.0
110,0.3062488079071045,0.015934482755475734,0.0,0.0,0.01,"(25,)",7,"{'NN__alpha': 0.01, 'NN__hidden_layer_sizes': (25,), 'km__n_clusters': 7}",0.5,0.4999999999999999,0.5,0.5000000000000002,0.5,0.5,1.1100485572673378e-16,79,0.5,0.5,0.5,0.5,0.5,0.5,0.0
111,0.34687304496765137,0.034798895540629315,0.0031253814697265623,0.006250762939453125,0.01,"(25,)",8,"{'NN__alpha': 0.01, 'NN__hidden_layer_sizes': (25,), 'km__n_clusters': 8}",0.5,0.4999999999999999,0.5063694267515924,0.5524839743589746,0.5032051282051282,0.5124048991022403,0.020170705026978434,56,0.5,0.5,0.5023961661341854,0.5510840557739984,0.5015948963317384,0.5110150236479845,0.020055983301470466
112,0.36249775886535646,0.025000190759874197,0.0,0.0,0.01,"(25,)",9,"{'NN__alpha': 0.01, 'NN__hidden_layer_sizes': (25,), 'km__n_clusters': 9}",0.5,0.4999999999999999,0.5,0.5000000000000002,0.5,0.5,1.1100485572673378e-16,79,0.5,0.5,0.5,0.5,0.5,0.5,0.0
113,0.45624852180480957,0.0361745975092556,0.0,0.0,0.01,"(25,)",10,"{'NN__alpha': 0.01, 'NN__hidden_layer_sizes': (25,), 'km__n_clusters': 10}",0.5,0.4999999999999999,0.5,0.5000000000000002,0.5,0.5,1.1100485572673378e-16,79,0.5,0.5,0.5,0.5,0.5,0.5,0.0
114,0.560555362701416,0.03410648700899283,0.0,0.0,0.01,"(25,)",15,"{'NN__alpha': 0.01, 'NN__hidden_layer_sizes': (25,), 'km__n_clusters': 15}",0.5,0.4999999999999999,0.5,0.5000000000000002,0.5,0.5,1.1100485572673378e-16,79,0.5,0.5,0.5,0.5,0.5,0.5,0.0
115,0.7371566772460938,0.03336748628279666,0.00937337875366211,0.007653331945244643,0.01,"(25,)",20,"{'NN__alpha': 0.01, 'NN__hidden_layer_sizes': (25,), 'km__n_clusters': 20}",0.5063694267515924,0.5063694267515922,0.5021430467091295,0.5032051282051284,0.5,0.5036198089169408,0.0024724068732313253,63,0.5053305019420724,0.5029343358078872,0.5039936102236421,0.5021317921265812,0.5005370314992025,0.5029854543198771,0.0016273753855820202
116,0.9203000068664551,0.07468752431237766,0.015623950958251953,0.01711484995747599,0.01,"(25,)",25,"{'NN__alpha': 0.01, 'NN__hidden_layer_sizes': (25,), 'km__n_clusters': 25}",0.5,0.4999999999999999,0.5,0.5000000000000002,0.5,0.5,1.1100485572673378e-16,79,0.5,0.5,0.5,0.5,0.5,0.5,0.0
117,1.0376976490020753,0.040315311018941216,0.006249094009399414,0.007653545972914443,0.01,"(25,)",30,"{'NN__alpha': 0.01, 'NN__hidden_layer_sizes': (25,), 'km__n_clusters': 30}",0.5,0.4999999999999999,0.5,0.5000000000000002,0.5,0.5,1.1100485572673378e-16,79,0.5,0.5,0.5,0.5,0.5,0.5,0.0
118,1.3635049343109131,0.11997588865104739,0.006250238418579102,0.007654947457411568,0.01,"(25,)",35,"{'NN__alpha': 0.01, 'NN__hidden_layer_sizes': (25,), 'km__n_clusters': 35}",0.5,0.4999999999999999,0.5,0.5000000000000002,0.5,0.5,1.1100485572673378e-16,79,0.5,0.5,0.5,0.5,0.5,0.5,0.0
119,1.3691465854644775,0.18498408656094983,0.00937480926513672,0.012499666215353535,0.01,"(25,)",40,"{'NN__alpha': 0.01, 'NN__hidden_layer_sizes': (25,), 'km__n_clusters': 40}",0.5,0.4999999999999999,0.5,0.5000000000000002,0.5,0.5,1.1100485572673378e-16,79,0.5,0.5,0.5,0.5,0.5,0.5,0.0
120,0.2031240463256836,0.009882193120277124,0.009374284744262695,0.007654071479466232,0.01,"(25, 25)",2,"{'NN__alpha': 0.01, 'NN__hidden_layer_sizes': (25, 25), 'km__n_clusters': 2}",0.5,0.5031847133757961,0.5,0.5000000000000002,0.5,0.5006375431867952,0.001274335512965541,71,0.5007987220447284,0.5,0.5007987220447284,0.5007974481658692,0.5007974481658692,0.5006384680842391,0.0003192345504506749
121,0.2656219005584717,0.009881966975956873,0.0031250953674316407,0.006250190734863282,0.01,"(25, 25)",3,"{'NN__alpha': 0.01, 'NN__hidden_layer_sizes': (25, 25), 'km__n_clusters': 3}",0.5063694267515924,0.5031847133757962,0.5021430467091295,0.5032051282051284,0.5,0.5029822657301457,0.0020568729938578965,68,0.5029343358078872,0.5013368917184303,0.5047923322683705,0.5037266884583196,0.5045242723285487,0.5034629041163112,0.001246015814116198
122,0.26874895095825196,0.01822108681514743,0.006249570846557617,0.0076541298460617605,0.01,"(25, 25)",4,"{'NN__alpha': 0.01, 'NN__hidden_layer_sizes': (25, 25), 'km__n_clusters': 4}",0.5,0.4999999999999999,0.5,0.5000000000000002,0.5,0.5,1.1100485572673378e-16,79,0.5,0.5,0.5,0.5,0.5,0.5,0.0
123,0.28749818801879884,0.02538780198795283,0.009374666213989257,0.007654382924923246,0.01,"(25, 25)",5,"{'NN__alpha': 0.01, 'NN__hidden_layer_sizes': (25, 25), 'km__n_clusters': 5}",0.5,0.4999999999999999,0.5,0.5000000000000002,0.5,0.5,1.1100485572673378e-16,79,0.5,0.5,0.5,0.5,0.5,0.5,0.0
124,0.3312467098236084,0.025000649697374477,0.012500190734863281,0.01169273031289966,0.01,"(25, 25)",6,"{'NN__alpha': 0.01, 'NN__hidden_layer_sizes': (25, 25), 'km__n_clusters': 6}",0.5,0.4999999999999999,0.5,0.5000000000000002,0.5,0.5,1.1100485572673378e-16,79,0.5,0.5,0.5,0.5,0.5,0.5,0.0
125,0.36562285423278806,0.01249982129119908,0.012499475479125976,0.006249737800274307,0.01,"(25, 25)",7,"{'NN__alpha': 0.01, 'NN__hidden_layer_sizes': (25, 25), 'km__n_clusters': 7}",0.5,0.4999999999999999,0.5,0.5000000000000002,0.5,0.5,1.1100485572673378e-16,79,0.5,0.5,0.5,0.5,0.5,0.5,0.0
126,0.41562280654907224,0.028980124643955853,0.009375,0.007654655474416206,0.01,"(25, 25)",8,"{'NN__alpha': 0.01, 'NN__hidden_layer_sizes': (25, 25), 'km__n_clusters': 8}",0.5,0.4999999999999999,0.5,0.5000000000000002,0.5,0.5,1.1100485572673378e-16,79,0.5,0.5,0.5,0.5,0.5,0.5,0.0
127,0.4343729972839355,0.03186853530665685,0.0,0.0,0.01,"(25, 25)",9,"{'NN__alpha': 0.01, 'NN__hidden_layer_sizes': (25, 25), 'km__n_clusters': 9}",0.5,0.4999999999999999,0.5,0.5000000000000002,0.5,0.5,1.1100485572673378e-16,79,0.5,0.5,0.5,0.5,0.5,0.5,0.0
128,0.4562476634979248,0.025000172873972416,0.02187509536743164,0.0076539936098091975,0.01,"(25, 25)",10,"{'NN__alpha': 0.01, 'NN__hidden_layer_sizes': (25, 25), 'km__n_clusters': 10}",0.5,0.4999999999999999,0.5,0.5000000000000002,0.5,0.5,1.1100485572673378e-16,79,0.5,0.5,0.5,0.5,0.5,0.5,0.0
129,0.5857915878295898,0.03416831945345049,0.015625143051147462,0.009882494807401077,0.01,"(25, 25)",15,"{'NN__alpha': 0.01, 'NN__hidden_layer_sizes': (25, 25), 'km__n_clusters': 15}",0.5,0.4999999999999999,0.5,0.5000000000000002,0.5,0.5,1.1100485572673378e-16,79,0.5,0.5,0.5,0.5,0.5,0.5,0.0
130,0.7820878982543945,0.021194415627751984,0.028124237060546876,0.006250453065098952,0.01,"(25, 25)",20,"{'NN__alpha': 0.01, 'NN__hidden_layer_sizes': (25, 25), 'km__n_clusters': 20}",0.5,0.4999999999999999,0.5,0.5000000000000002,0.5,0.5,1.1100485572673378e-16,79,0.5,0.5,0.5,0.5,0.5,0.5,0.0
131,0.9660260677337646,0.08415530294023774,0.02499852180480957,0.012500989575648136,0.01,"(25, 25)",25,"{'NN__alpha': 0.01, 'NN__hidden_layer_sizes': (25, 25), 'km__n_clusters': 25}",0.5,0.4999999999999999,0.6541467622080681,0.5000000000000002,0.5,0.5308584184558577,0.06168049369318749,47,0.5,0.5,0.6546528160466963,0.5,0.5,0.5309305632093393,0.06186112641867854
132,1.0541967868804931,0.029643773450002728,0.0,0.0,0.01,"(25, 25)",30,"{'NN__alpha': 0.01, 'NN__hidden_layer_sizes': (25, 25), 'km__n_clusters': 30}",0.5,0.4999999999999999,0.5,0.5000000000000002,0.5,0.5,1.1100485572673378e-16,79,0.5,0.5,0.5,0.5,0.5,0.5,0.0
133,1.3026907920837403,0.07153298858838858,0.006250190734863281,0.00765488910120855,0.01,"(25, 25)",35,"{'NN__alpha': 0.01, 'NN__hidden_layer_sizes': (25, 25), 'km__n_clusters': 35}",0.5,0.4999999999999999,0.5,0.5000000000000002,0.5,0.5,1.1100485572673378e-16,79,0.5,0.5,0.5,0.5,0.5,0.5,0.0
134,1.6076500415802002,0.26085861120031845,0.003125,0.006250000000000001,0.01,"(25, 25)",40,"{'NN__alpha': 0.01, 'NN__hidden_layer_sizes': (25, 25), 'km__n_clusters': 40}",0.9533903927813163,0.4999999999999999,0.5,0.5000000000000002,0.9850918045072534,0.6875685028484615,0.2300623110111369,35,0.9691957172848612,0.5,0.5,0.5,0.971633273524721,0.6881657981619165,0.23045638538541052
135,0.7758677482604981,0.028236568733434497,0.003125286102294922,0.006250572204589844,0.01,"(100, 25, 100)",2,"{'NN__alpha': 0.01, 'NN__hidden_layer_sizes': (100, 25, 100), 'km__n_clusters': 2}",0.5,0.4999999999999999,0.5,0.5000000000000002,0.5,0.5,1.1100485572673378e-16,79,0.5,0.5,0.5,0.5,0.5,0.5,0.0
136,0.7236149311065674,0.04928907753138958,0.0031248092651367187,0.006249618530273437,0.01,"(100, 25, 100)",3,"{'NN__alpha': 0.01, 'NN__hidden_layer_sizes': (100, 25, 100), 'km__n_clusters': 3}",0.5,0.4999999999999999,0.5,0.5000000000000002,0.5,0.5,1.1100485572673378e-16,79,0.5,0.5,0.5,0.5,0.5,0.5,0.0
137,0.7281959056854248,0.030617959924264245,0.003124570846557617,0.006249141693115233,0.01,"(100, 25, 100)",4,"{'NN__alpha': 0.01, 'NN__hidden_layer_sizes': (100, 25, 100), 'km__n_clusters': 4}",0.5,0.4999999999999999,0.5,0.5000000000000002,0.5,0.5,1.1100485572673378e-16,79,0.5,0.5,0.5,0.5,0.5,0.5,0.0
138,0.7875408172607422,0.023413904860756132,0.012526845932006836,0.006263644933881333,0.01,"(100, 25, 100)",5,"{'NN__alpha': 0.01, 'NN__hidden_layer_sizes': (100, 25, 100), 'km__n_clusters': 5}",0.5,0.4999999999999999,0.5,0.5000000000000002,0.5,0.5,1.1100485572673378e-16,79,0.5,0.5,0.5,0.5,0.5,0.5,0.0
139,0.8282575607299805,0.03563075389433165,0.0031250953674316407,0.006250190734863282,0.01,"(100, 25, 100)",6,"{'NN__alpha': 0.01, 'NN__hidden_layer_sizes': (100, 25, 100), 'km__n_clusters': 6}",0.5,0.4999999999999999,0.5,0.5000000000000002,0.5,0.5,1.1100485572673378e-16,79,0.5,0.5,0.5,0.5,0.5,0.5,0.0
140,0.853147029876709,0.02541120018102345,0.0,0.0,0.01,"(100, 25, 100)",7,"{'NN__alpha': 0.01, 'NN__hidden_layer_sizes': (100, 25, 100), 'km__n_clusters': 7}",0.5,0.4999999999999999,0.5,0.5000000000000002,0.5,0.5,1.1100485572673378e-16,79,0.5,0.5,0.5,0.5,0.5,0.5,0.0
141,0.9500810146331787,0.06043451035219224,0.00937480926513672,0.007654499749459497,0.01,"(100, 25, 100)",8,"{'NN__alpha': 0.01, 'NN__hidden_layer_sizes': (100, 25, 100), 'km__n_clusters': 8}",0.5,0.4999999999999999,0.5,0.5000000000000002,0.5,0.5,1.1100485572673378e-16,79,0.5,0.5,0.5,0.5,0.5,0.5,0.0
142,1.2907037734985352,0.7147433155026095,0.006249856948852539,0.00765448024540954,0.01,"(100, 25, 100)",9,"{'NN__alpha': 0.01, 'NN__hidden_layer_sizes': (100, 25, 100), 'km__n_clusters': 9}",0.9756833864118896,0.4999999999999999,0.5,0.5000000000000002,0.5,0.5952263724526631,0.1903405929209776,37,0.978276342011198,0.5,0.5,0.5,0.5,0.5956552684022396,0.19131053680447918
143,1.0063323020935058,0.0233845812948487,0.006249809265136718,0.007654421846137077,0.01,"(100, 25, 100)",10,"{'NN__alpha': 0.01, 'NN__hidden_layer_sizes': (100, 25, 100), 'km__n_clusters': 10}",0.5,0.4999999999999999,0.5,0.5000000000000002,0.5,0.5,1.1100485572673378e-16,79,0.5,0.5,0.5,0.5,0.5,0.5,0.0
144,2.4376386165618897,0.03827273218909169,0.0031250476837158202,0.0062500953674316405,0.01,"(100, 25, 100)",15,"{'NN__alpha': 0.01, 'NN__hidden_layer_sizes': (100, 25, 100), 'km__n_clusters': 15}",0.982052813163482,0.9682722929936306,0.9788680997876859,0.9808493589743591,0.9894143782452761,0.9798851020365429,0.006815565950511696,15,0.9870110897082645,0.9827569271135957,0.979335616426953,0.9679678494165206,0.9817558811802232,0.9797654727691114,0.006399659097351832
145,1.9346287727355957,0.6066507223257553,0.003124856948852539,0.006249713897705078,0.01,"(100, 25, 100)",20,"{'NN__alpha': 0.01, 'NN__hidden_layer_sizes': (100, 25, 100), 'km__n_clusters': 20}",0.9491640127388534,0.4999999999999999,0.5,0.5000000000000002,0.5,0.589917497207621,0.17972909490988687,43,0.9662955113402713,0.5,0.5,0.5,0.5,0.5932591022680542,0.1865182045361085
146,3.194020462036133,0.39101077066758333,0.009375190734863282,0.007654811204818916,0.01,"(100, 25, 100)",25,"{'NN__alpha': 0.01, 'NN__hidden_layer_sizes': (100, 25, 100), 'km__n_clusters': 25}",0.983154193205945,0.9809514331210191,0.9809514331210192,0.9926282051282054,0.990458219581393,0.9856234615851944,0.004942852389637546,1,0.9859518152925096,0.9872716420792912,0.9864729200345628,0.9817850206073238,0.9836111941786285,0.9850185184384632,0.0020247944566138387
147,3.2690492630004884,0.26760353774865925,0.006250143051147461,0.007654830665549898,0.01,"(100, 25, 100)",30,"{'NN__alpha': 0.01, 'NN__hidden_layer_sizes': (100, 25, 100), 'km__n_clusters': 30}",0.9810111464968155,0.9756833864118896,0.9841361464968154,0.9904647435897437,0.9883705369091592,0.983928350295949,0.0052724195050744575,3,0.9843543712030527,0.9854136456188077,0.9817317825611381,0.9798821987461903,0.9860197368421054,0.9834803469942589,0.002321818730238861
148,3.584807014465332,0.1975767644124222,0.0,0.0,0.01,"(100, 25, 100)",35,"{'NN__alpha': 0.01, 'NN__hidden_layer_sizes': (100, 25, 100), 'km__n_clusters': 35}",0.983154193205945,0.9767250530785562,0.9702959129511678,0.9947115384615386,0.990458219581393,0.9830606801787695,0.008871753535476208,5,0.9880874290556683,0.9873228368742372,0.9736933673189077,0.9806480648064805,0.9857431220095693,0.9830989640129726,0.005370095213924594
149,3.425274610519409,0.3298298770225075,0.003125286102294922,0.006250572204589844,0.01,"(100, 25, 100)",40,"{'NN__alpha': 0.01, 'NN__hidden_layer_sizes': (100, 25, 100), 'km__n_clusters': 40}",0.9788680997876859,0.9671709129511677,0.9724389596602973,0.993669871794872,0.9861356458433703,0.9796482218699994,0.009454510245322989,17,0.9872716420792912,0.9827569271135957,0.9827398621819471,0.9836404693100887,0.9764179625199362,0.9825653726409718,0.0034975018452063373
150,0.43752350807189944,5.274982910296646e-05,0.003125286102294922,0.006250572204589844,0.001,"(50, 50)",2,"{'NN__alpha': 0.001, 'NN__hidden_layer_sizes': (50, 50), 'km__n_clusters': 2}",0.5,0.4999999999999999,0.5,0.5000000000000002,0.5,0.5,1.1100485572673378e-16,79,0.5,0.5,0.5,0.5,0.5,0.5,0.0
151,0.4937705993652344,0.012496384347874487,0.0,0.0,0.001,"(50, 50)",3,"{'NN__alpha': 0.001, 'NN__hidden_layer_sizes': (50, 50), 'km__n_clusters': 3}",0.5,0.4999999999999999,0.5,0.5000000000000002,0.5,0.5,1.1100485572673378e-16,79,0.5,0.5,0.5,0.5,0.5,0.5,0.0
152,0.4999965190887451,0.022096345128266127,0.0,0.0,0.001,"(50, 50)",4,"{'NN__alpha': 0.001, 'NN__hidden_layer_sizes': (50, 50), 'km__n_clusters': 4}",0.5,0.4999999999999999,0.5,0.5000000000000002,0.5,0.5,1.1100485572673378e-16,79,0.5,0.5,0.5,0.5,0.5,0.5,0.0
153,0.546872329711914,0.017116591098762495,0.003124713897705078,0.006249427795410156,0.001,"(50, 50)",5,"{'NN__alpha': 0.001, 'NN__hidden_layer_sizes': (50, 50), 'km__n_clusters': 5}",0.5,0.4999999999999999,0.5,0.5000000000000002,0.5,0.5,1.1100485572673378e-16,79,0.5,0.5,0.5,0.5,0.5,0.5,0.0
154,0.587494945526123,0.03903124894773196,0.0031248092651367187,0.006249618530273437,0.001,"(50, 50)",6,"{'NN__alpha': 0.001, 'NN__hidden_layer_sizes': (50, 50), 'km__n_clusters': 6}",0.5,0.4999999999999999,0.5,0.5000000000000002,0.5,0.5,1.1100485572673378e-16,79,0.5,0.5,0.5,0.5,0.5,0.5,0.0
155,0.6093701839447021,0.022094827924843803,0.0,0.0,0.001,"(50, 50)",7,"{'NN__alpha': 0.001, 'NN__hidden_layer_sizes': (50, 50), 'km__n_clusters': 7}",0.5,0.4999999999999999,0.5,0.5000000000000002,0.5,0.5,1.1100485572673378e-16,79,0.5,0.5,0.5,0.5,0.5,0.5,0.0
156,0.6781219005584717,0.050000149016392104,0.0,0.0,0.001,"(50, 50)",8,"{'NN__alpha': 0.001, 'NN__hidden_layer_sizes': (50, 50), 'km__n_clusters': 8}",0.5,0.6384355095541401,0.5,0.5000000000000002,0.5,0.5277132054010018,0.05539377182922373,51,0.5,0.6662602993105767,0.5,0.5,0.5,0.5332520598621153,0.0665041197242307
157,0.6812450408935546,0.027244031848978386,0.0031248092651367187,0.006249618530273437,0.001,"(50, 50)",9,"{'NN__alpha': 0.001, 'NN__hidden_layer_sizes': (50, 50), 'km__n_clusters': 9}",0.5,0.4999999999999999,0.5,0.5000000000000002,0.5,0.5,1.1100485572673378e-16,79,0.5,0.5,0.5,0.5,0.5,0.5,0.0
158,0.7689624786376953,0.037709874085720047,0.006249713897705078,0.007654305045364299,0.001,"(50, 50)",10,"{'NN__alpha': 0.001, 'NN__hidden_layer_sizes': (50, 50), 'km__n_clusters': 10}",0.5,0.4999999999999999,0.5,0.5000000000000002,0.5,0.5,1.1100485572673378e-16,79,0.5,0.5,0.5,0.5,0.5,0.5,0.0
159,1.6849785327911377,0.8990475134574081,0.0,0.0,0.001,"(50, 50)",15,"{'NN__alpha': 0.001, 'NN__hidden_layer_sizes': (50, 50), 'km__n_clusters': 15}",0.5,0.4999999999999999,0.9671709129511677,0.5000000000000002,0.973388737219635,0.6879917409441741,0.23037094680879416,32,0.5,0.5,0.9615031790719005,0.5,0.9541380083732057,0.6831282374890212,0.22429746236347647
160,1.1063524723052978,0.06443186167810355,0.0,0.0,0.001,"(50, 50)",20,"{'NN__alpha': 0.001, 'NN__hidden_layer_sizes': (50, 50), 'km__n_clusters': 20}",0.5,0.4999999999999999,0.5,0.5000000000000002,0.5,0.5,1.1100485572673378e-16,79,0.5,0.5,0.5,0.5,0.5,0.5,0.0
161,2.103320360183716,0.7067583915116671,0.0031246662139892576,0.006249332427978515,0.001,"(50, 50)",25,"{'NN__alpha': 0.001, 'NN__hidden_layer_sizes': (50, 50), 'km__n_clusters': 25}",0.9799097664543526,0.4999999999999999,0.9618431528662421,0.5000000000000002,0.9915020609175099,0.7866123250439464,0.2342393816576351,27,0.9816805877661919,0.5,0.9599057349824438,0.5,0.9836111941786283,0.7850395033854529,0.23288266074754346
162,2.7251514911651613,0.7519675005288797,0.003124856948852539,0.006249713897705078,0.001,"(50, 50)",30,"{'NN__alpha': 0.001, 'NN__hidden_layer_sizes': (50, 50), 'km__n_clusters': 30}",0.9406515392781317,0.9480626326963907,0.9735403397027601,0.5000000000000002,0.9850918045072534,0.8695127026400173,0.1853948894702063,25,0.9678758904980795,0.9611743669742793,0.974265666855907,0.5,0.9673856160287082,0.8741403080713948,0.18711602383201728
163,1.8907651901245117,0.2666523750583635,0.0031251430511474608,0.0062502861022949215,0.001,"(50, 50)",35,"{'NN__alpha': 0.001, 'NN__hidden_layer_sizes': (50, 50), 'km__n_clusters': 35}",0.5,0.4999999999999999,0.5,0.5000000000000002,0.5,0.5,1.1100485572673378e-16,79,0.5,0.5,0.5,0.5,0.5,0.5,0.0
164,4.022200393676758,1.5336177400378261,0.0031251430511474608,0.0062502861022949215,0.001,"(50, 50)",40,"{'NN__alpha': 0.001, 'NN__hidden_layer_sizes': (50, 50), 'km__n_clusters': 40}",0.9777667197452231,0.9735403397027601,0.9809514331210192,0.981971153846154,0.9915020609175099,0.9811395733171676,0.005950816908832436,11,0.9803607609794106,0.9870110897082645,0.9809159955847611,0.9706365373379444,0.9846690590111643,0.9807186885243089,0.00560386570844583
165,0.1875136375427246,3.037845669991258e-05,0.0031249523162841797,0.006249904632568359,0.001,"(50,)",2,"{'NN__alpha': 0.001, 'NN__hidden_layer_sizes': (50,), 'km__n_clusters': 2}",0.5,0.4999999999999999,0.5,0.5000000000000002,0.5,0.5,1.1100485572673378e-16,79,0.5,0.5,0.5,0.5,0.5,0.5,0.0
166,0.23124842643737792,0.018221822805650947,0.0031249523162841797,0.006249904632568359,0.001,"(50,)",3,"{'NN__alpha': 0.001, 'NN__hidden_layer_sizes': (50,), 'km__n_clusters': 3}",0.5,0.4999999999999999,0.5,0.5000000000000002,0.5,0.5,1.1100485572673378e-16,79,0.5,0.5,0.5,0.5,0.5,0.5,0.0
167,0.28437271118164065,0.02500016689544962,0.0,0.0,0.001,"(50,)",4,"{'NN__alpha': 0.001, 'NN__hidden_layer_sizes': (50,), 'km__n_clusters': 4}",0.5,0.4999999999999999,0.5,0.5000000000000002,0.5,0.5,1.1100485572673378e-16,79,0.5,0.5,0.5,0.5,0.5,0.5,0.0
168,0.29070725440979006,0.01600908148859489,0.0,0.0,0.001,"(50,)",5,"{'NN__alpha': 0.001, 'NN__hidden_layer_sizes': (50,), 'km__n_clusters': 5}",0.5,0.4999999999999999,0.5,0.5000000000000002,0.5,0.5,1.1100485572673378e-16,79,0.5,0.5,0.5,0.5,0.5,0.5,0.0
169,0.36254005432128905,0.030315839875601717,0.0,0.0,0.001,"(50,)",6,"{'NN__alpha': 0.001, 'NN__hidden_layer_sizes': (50,), 'km__n_clusters': 6}",0.5,0.4999999999999999,0.5,0.5000000000000002,0.5268320753706975,0.5053546096355729,0.01072396591625434,59,0.5,0.5,0.5,0.5,0.5094061503189792,0.5018812300637958,0.0037624601275916716
170,0.34688410758972166,0.011705747143554341,0.0,0.0,0.001,"(50,)",7,"{'NN__alpha': 0.001, 'NN__hidden_layer_sizes': (50,), 'km__n_clusters': 7}",0.5,0.4999999999999999,0.5,0.5000000000000002,0.5,0.5,1.1100485572673378e-16,79,0.5,0.5,0.5,0.5,0.5,0.5,0.0
171,0.3750596046447754,0.04192639897426513,0.0,0.0,0.001,"(50,)",8,"{'NN__alpha': 0.001, 'NN__hidden_layer_sizes': (50,), 'km__n_clusters': 8}",0.5,0.4999999999999999,0.5,0.5000000000000002,0.5,0.5,1.1100485572673378e-16,79,0.5,0.5,0.5,0.5,0.5,0.5,0.0
172,0.4187477588653564,0.04571538907928546,0.009374856948852539,0.007654538645424632,0.001,"(50,)",9,"{'NN__alpha': 0.001, 'NN__hidden_layer_sizes': (50,), 'km__n_clusters': 9}",0.5,0.4999999999999999,0.5,0.5000000000000002,0.5,0.5,1.1100485572673378e-16,79,0.5,0.5,0.5,0.5,0.5,0.5,0.0
173,0.4718985080718994,0.022976716030068185,0.012511301040649413,0.006255696530595087,0.001,"(50,)",10,"{'NN__alpha': 0.001, 'NN__hidden_layer_sizes': (50,), 'km__n_clusters': 10}",0.5,0.4999999999999999,0.5,0.5000000000000002,0.5,0.5,1.1100485572673378e-16,79,0.5,0.5,0.5,0.5,0.5,0.5,0.0
174,0.6406720161437989,0.04418575110326847,0.0031246662139892576,0.006249332427978515,0.001,"(50,)",15,"{'NN__alpha': 0.001, 'NN__hidden_layer_sizes': (50,), 'km__n_clusters': 15}",0.5,0.4999999999999999,0.5,0.5000000000000002,0.5,0.5,1.1100485572673378e-16,79,0.5,0.5,0.5,0.5,0.5,0.5,0.0
175,0.7594244956970215,0.030639188720019167,0.025000238418579103,0.015934529503011684,0.001,"(50,)",20,"{'NN__alpha': 0.001, 'NN__hidden_layer_sizes': (50,), 'km__n_clusters': 20}",0.5,0.4999999999999999,0.5,0.5000000000000002,0.5,0.5,1.1100485572673378e-16,79,0.5,0.5,0.5,0.5,0.5,0.5,0.0
176,1.018861675262451,0.06948210656697686,0.009374713897705078,0.00765442185504854,0.001,"(50,)",25,"{'NN__alpha': 0.001, 'NN__hidden_layer_sizes': (50,), 'km__n_clusters': 25}",0.5,0.4999999999999999,0.5,0.5000000000000002,0.5,0.5,1.1100485572673378e-16,79,0.5,0.5,0.5,0.5,0.5,0.5,0.0
177,1.3844782352447509,0.11419652250181185,0.0,0.0,0.001,"(50,)",30,"{'NN__alpha': 0.001, 'NN__hidden_layer_sizes': (50,), 'km__n_clusters': 30}",0.5,0.4989583333333332,0.5,0.5000000000000002,0.5,0.499791470249319,0.0004168139073658994,296,0.5,0.4997394476289734,0.5,0.5,0.5,0.49994788952579466,0.00010422094841064933
178,1.5376039028167725,0.08246973468317624,0.0031251907348632812,0.0062503814697265625,0.001,"(50,)",35,"{'NN__alpha': 0.001, 'NN__hidden_layer_sizes': (50,), 'km__n_clusters': 35}",0.5,0.4999999999999999,0.5,0.5000000000000002,0.5,0.5,1.1100485572673378e-16,79,0.5,0.5,0.5,0.5,0.5,0.5,0.0
179,1.8220231056213378,0.44026840131246775,0.0031247615814208986,0.006249523162841797,0.001,"(50,)",40,"{'NN__alpha': 0.001, 'NN__hidden_layer_sizes': (50,), 'km__n_clusters': 40}",0.5,0.4999999999999999,0.5,0.5000000000000002,0.5,0.5,1.1100485572673378e-16,79,0.5,0.5,0.5,0.5,0.5,0.5,0.0
180,0.1812488079071045,0.015934669773334912,0.00937495231628418,0.007654616551716928,0.001,"(25,)",2,"{'NN__alpha': 0.001, 'NN__hidden_layer_sizes': (25,), 'km__n_clusters': 2}",0.5,0.5031847133757961,0.5,0.5000000000000002,0.5,0.5006375431867952,0.001274335512965541,71,0.5007987220447284,0.5,0.5,0.5,0.5,0.5001597444089457,0.0003194888178913668
181,0.2062784194946289,0.018255251247216088,0.0,0.0,0.001,"(25,)",3,"{'NN__alpha': 0.001, 'NN__hidden_layer_sizes': (25,), 'km__n_clusters': 3}",0.5,0.4999999999999999,0.5,0.5000000000000002,0.5,0.5,1.1100485572673378e-16,79,0.5,0.5,0.5,0.5,0.5,0.5,0.0
182,0.22190375328063966,0.006235471704317637,0.0,0.0,0.001,"(25,)",4,"{'NN__alpha': 0.001, 'NN__hidden_layer_sizes': (25,), 'km__n_clusters': 4}",0.5,0.4999999999999999,0.5,0.5000000000000002,0.5,0.5,1.1100485572673378e-16,79,0.5,0.5,0.5,0.5,0.5,0.5,0.0
183,0.28749871253967285,0.00765473332278546,0.0,0.0,0.001,"(25,)",5,"{'NN__alpha': 0.001, 'NN__hidden_layer_sizes': (25,), 'km__n_clusters': 5}",0.5,0.4999999999999999,0.5,0.5000000000000002,0.5,0.5,1.1100485572673378e-16,79,0.5,0.5,0.5,0.5,0.5,0.5,0.0
184,0.28749780654907225,0.023385116540314103,0.0031252384185791017,0.006250476837158203,0.001,"(25,)",6,"{'NN__alpha': 0.001, 'NN__hidden_layer_sizes': (25,), 'km__n_clusters': 6}",0.5,0.4999999999999999,0.5,0.5000000000000002,0.5,0.5,1.1100485572673378e-16,79,0.5,0.5,0.5,0.5,0.5,0.5,0.0
185,0.3125309944152832,0.013999686251049812,0.0,0.0,0.001,"(25,)",7,"{'NN__alpha': 0.001, 'NN__hidden_layer_sizes': (25,), 'km__n_clusters': 7}",0.5,0.4999999999999999,0.5,0.5000000000000002,0.5,0.5,1.1100485572673378e-16,79,0.5,0.5,0.5,0.5,0.5,0.5,0.0
186,0.33754310607910154,0.037757385647572445,0.0,0.0,0.001,"(25,)",8,"{'NN__alpha': 0.001, 'NN__hidden_layer_sizes': (25,), 'km__n_clusters': 8}",0.5,0.4999999999999999,0.5063694267515924,0.5524839743589746,0.5032051282051282,0.5124048991022403,0.020170705026978434,56,0.5,0.5,0.5023961661341854,0.5510840557739984,0.5015948963317384,0.5110150236479845,0.020055983301470466
187,0.36562256813049315,0.028979939542845078,0.0,0.0,0.001,"(25,)",9,"{'NN__alpha': 0.001, 'NN__hidden_layer_sizes': (25,), 'km__n_clusters': 9}",0.5,0.4999999999999999,0.5,0.5000000000000002,0.5,0.5,1.1100485572673378e-16,79,0.5,0.5,0.5,0.5,0.5,0.5,0.0
188,0.4531219959259033,0.022096142874329757,0.0031249523162841797,0.006249904632568359,0.001,"(25,)",10,"{'NN__alpha': 0.001, 'NN__hidden_layer_sizes': (25,), 'km__n_clusters': 10}",0.5,0.4999999999999999,0.5,0.5000000000000002,0.5,0.5,1.1100485572673378e-16,79,0.5,0.5,0.5,0.5,0.5,0.5,0.0
189,0.5562473773956299,0.03507754949345981,0.0,0.0,0.001,"(25,)",15,"{'NN__alpha': 0.001, 'NN__hidden_layer_sizes': (25,), 'km__n_clusters': 15}",0.5,0.4999999999999999,0.5,0.5000000000000002,0.5,0.5,1.1100485572673378e-16,79,0.5,0.5,0.5,0.5,0.5,0.5,0.0
190,0.7343717098236084,0.034231354037957226,0.01250004768371582,0.011692628358882224,0.001,"(25,)",20,"{'NN__alpha': 0.001, 'NN__hidden_layer_sizes': (25,), 'km__n_clusters': 20}",0.5063694267515924,0.5063694267515922,0.5021430467091295,0.5032051282051284,0.5,0.5036198089169408,0.0024724068732313253,63,0.5053305019420724,0.5029343358078872,0.5039936102236421,0.5021317921265812,0.5005370314992025,0.5029854543198771,0.0016273753855820202
191,0.9281188011169433,0.07629044523653625,0.01874961853027344,0.006250071586281806,0.001,"(25,)",25,"{'NN__alpha': 0.001, 'NN__hidden_layer_sizes': (25,), 'km__n_clusters': 25}",0.5,0.4999999999999999,0.5,0.5000000000000002,0.5,0.5,1.1100485572673378e-16,79,0.5,0.5,0.5,0.5,0.5,0.5,0.0
192,0.995855712890625,0.03777840538850352,0.009374713897705078,0.007654421957530372,0.001,"(25,)",30,"{'NN__alpha': 0.001, 'NN__hidden_layer_sizes': (25,), 'km__n_clusters': 30}",0.5,0.4999999999999999,0.5,0.5000000000000002,0.5,0.5,1.1100485572673378e-16,79,0.5,0.5,0.5,0.5,0.5,0.5,0.0
193,1.2959369659423827,0.13999442222814878,0.006249809265136718,0.007654421858019029,0.001,"(25,)",35,"{'NN__alpha': 0.001, 'NN__hidden_layer_sizes': (25,), 'km__n_clusters': 35}",0.5,0.4999999999999999,0.5,0.5000000000000002,0.5,0.5,1.1100485572673378e-16,79,0.5,0.5,0.5,0.5,0.5,0.5,0.0
194,1.301142168045044,0.12132027135335163,0.0,0.0,0.001,"(25,)",40,"{'NN__alpha': 0.001, 'NN__hidden_layer_sizes': (25,), 'km__n_clusters': 40}",0.5,0.4999999999999999,0.5,0.5000000000000002,0.5,0.5,1.1100485572673378e-16,79,0.5,0.5,0.5,0.5,0.5,0.5,0.0
195,0.21249828338623047,0.007653545968458202,0.0,0.0,0.001,"(25, 25)",2,"{'NN__alpha': 0.001, 'NN__hidden_layer_sizes': (25, 25), 'km__n_clusters': 2}",0.5,0.5031847133757961,0.5,0.5000000000000002,0.5,0.5006375431867952,0.001274335512965541,71,0.5007987220447284,0.5,0.5007987220447284,0.5,0.5,0.5003194888178915,0.0003912922911794129
196,0.2656231880187988,0.009882268492821086,0.0,0.0,0.001,"(25, 25)",3,"{'NN__alpha': 0.001, 'NN__hidden_layer_sizes': (25, 25), 'km__n_clusters': 3}",0.5063694267515924,0.5063694267515922,0.5021430467091295,0.5032051282051284,0.5,0.5036198089169408,0.0024724068732313253,63,0.5029343358078872,0.5013368917184303,0.5047923322683705,0.5037266884583196,0.5045242723285487,0.5034629041163112,0.001246015814116198
197,0.27192258834838867,0.023389348336619178,0.009375572204589844,0.0076551226864163295,0.001,"(25, 25)",4,"{'NN__alpha': 0.001, 'NN__hidden_layer_sizes': (25, 25), 'km__n_clusters': 4}",0.5,0.4999999999999999,0.5,0.5000000000000002,0.5,0.5,1.1100485572673378e-16,79,0.5,0.5,0.5,0.5,0.5,0.5,0.0
198,0.28752455711364744,0.015911305738664134,0.0062500953674316405,0.007654772270733046,0.001,"(25, 25)",5,"{'NN__alpha': 0.001, 'NN__hidden_layer_sizes': (25, 25), 'km__n_clusters': 5}",0.5,0.4999999999999999,0.5,0.5000000000000002,0.5,0.5,1.1100485572673378e-16,79,0.5,0.5,0.5,0.5,0.5,0.5,0.0
199,0.33437261581420896,0.02338574098983275,0.012499809265136719,0.0062499046453014795,0.001,"(25, 25)",6,"{'NN__alpha': 0.001, 'NN__hidden_layer_sizes': (25, 25), 'km__n_clusters': 6}",0.5,0.4999999999999999,0.5,0.5000000000000002,0.5,0.5,1.1100485572673378e-16,79,0.5,0.5,0.5,0.5,0.5,0.5,0.0
200,0.36562323570251465,0.012500464929046962,0.015624904632568359,0.00988166533507439,0.001,"(25, 25)",7,"{'NN__alpha': 0.001, 'NN__hidden_layer_sizes': (25, 25), 'km__n_clusters': 7}",0.5,0.4999999999999999,0.5,0.5000000000000002,0.5,0.5,1.1100485572673378e-16,79,0.5,0.5,0.5,0.5,0.5,0.5,0.0
201,0.418747615814209,0.03479797059233043,0.01249990463256836,0.006249952319012685,0.001,"(25, 25)",8,"{'NN__alpha': 0.001, 'NN__hidden_layer_sizes': (25, 25), 'km__n_clusters': 8}",0.5,0.4999999999999999,0.5,0.5000000000000002,0.5,0.5,1.1100485572673378e-16,79,0.5,0.5,0.5,0.5,0.5,0.5,0.0
202,0.43749799728393557,0.03277445814463799,0.009374856948852539,0.007654538663247288,0.001,"(25, 25)",9,"{'NN__alpha': 0.001, 'NN__hidden_layer_sizes': (25, 25), 'km__n_clusters': 9}",0.5,0.4999999999999999,0.5,0.5000000000000002,0.5,0.5,1.1100485572673378e-16,79,0.5,0.5,0.5,0.5,0.5,0.5,0.0
203,0.46249804496765134,0.03061827139583827,0.015624284744262695,0.00988151457514802,0.001,"(25, 25)",10,"{'NN__alpha': 0.001, 'NN__hidden_layer_sizes': (25, 25), 'km__n_clusters': 10}",0.5,0.4999999999999999,0.5,0.5000000000000002,0.5,0.5,1.1100485572673378e-16,79,0.5,0.5,0.5,0.5,0.5,0.5,0.0
204,0.5905413150787353,0.03813912972631855,0.019130802154541014,0.006104086842852871,0.001,"(25, 25)",15,"{'NN__alpha': 0.001, 'NN__hidden_layer_sizes': (25, 25), 'km__n_clusters': 15}",0.5,0.4999999999999999,0.5,0.5000000000000002,0.5,0.5,1.1100485572673378e-16,79,0.5,0.5,0.5,0.5,0.5,0.5,0.0
205,0.7796223640441895,0.03743700844647334,0.01874885559082031,0.006249499710960968,0.001,"(25, 25)",20,"{'NN__alpha': 0.001, 'NN__hidden_layer_sizes': (25, 25), 'km__n_clusters': 20}",0.5,0.4999999999999999,0.5,0.5000000000000002,0.5,0.5,1.1100485572673378e-16,79,0.5,0.5,0.5,0.5,0.5,0.5,0.0
206,0.9781193733215332,0.09089356945325175,0.021874141693115235,0.01249953509567989,0.001,"(25, 25)",25,"{'NN__alpha': 0.001, 'NN__hidden_layer_sizes': (25, 25), 'km__n_clusters': 25}",0.5,0.4999999999999999,0.6541467622080681,0.5000000000000002,0.5,0.5308584184558577,0.06168049369318749,47,0.5,0.5,0.6538540940019679,0.5,0.5,0.5307708188003936,0.061541637600787166
207,1.0312424182891846,0.04074523448312812,0.006249666213989258,0.007654246673569512,0.001,"(25, 25)",30,"{'NN__alpha': 0.001, 'NN__hidden_layer_sizes': (25, 25), 'km__n_clusters': 30}",0.5,0.4999999999999999,0.5,0.5000000000000002,0.5,0.5,1.1100485572673378e-16,79,0.5,0.5,0.5,0.5,0.5,0.5,0.0
208,1.2999924659729003,0.12078657878191786,0.0,0.0,0.001,"(25, 25)",35,"{'NN__alpha': 0.001, 'NN__hidden_layer_sizes': (25, 25), 'km__n_clusters': 35}",0.5,0.4999999999999999,0.5,0.5000000000000002,0.5,0.5,1.1100485572673378e-16,79,0.5,0.5,0.5,0.5,0.5,0.5,0.0
209,1.5794791221618651,0.33856304772011486,0.00624995231628418,0.0076545970640048535,0.001,"(25, 25)",40,"{'NN__alpha': 0.001, 'NN__hidden_layer_sizes': (25, 25), 'km__n_clusters': 40}",0.9533903927813163,0.4999999999999999,0.5,0.5000000000000002,0.9861356458433703,0.6877768118517406,0.23033192258463495,33,0.9686746125428082,0.5,0.5,0.5,0.971356658692185,0.6880062542469986,0.23026125768599326
210,0.7534094333648682,0.08208564591518042,0.0,0.0,0.001,"(100, 25, 100)",2,"{'NN__alpha': 0.001, 'NN__hidden_layer_sizes': (100, 25, 100), 'km__n_clusters': 2}",0.5,0.4999999999999999,0.5,0.5000000000000002,0.5,0.5,1.1100485572673378e-16,79,0.5,0.5,0.5,0.5,0.5,0.5,0.0
211,0.703803300857544,0.02165211551784226,0.0,0.0,0.001,"(100, 25, 100)",3,"{'NN__alpha': 0.001, 'NN__hidden_layer_sizes': (100, 25, 100), 'km__n_clusters': 3}",0.5,0.4999999999999999,0.5,0.5000000000000002,0.5,0.5,1.1100485572673378e-16,79,0.5,0.5,0.5,0.5,0.5,0.5,0.0
212,0.7312448978424072,0.02296398588686734,0.003124856948852539,0.006249713897705078,0.001,"(100, 25, 100)",4,"{'NN__alpha': 0.001, 'NN__hidden_layer_sizes': (100, 25, 100), 'km__n_clusters': 4}",0.5,0.4999999999999999,0.5,0.5000000000000002,0.5,0.5,1.1100485572673378e-16,79,0.5,0.5,0.5,0.5,0.5,0.5,0.0
213,0.7906690120697022,0.04379229290695231,0.0,0.0,0.001,"(100, 25, 100)",5,"{'NN__alpha': 0.001, 'NN__hidden_layer_sizes': (100, 25, 100), 'km__n_clusters': 5}",0.5,0.4999999999999999,0.5,0.5000000000000002,0.5,0.5,1.1100485572673378e-16,79,0.5,0.5,0.5,0.5,0.5,0.5,0.0
214,0.8063683986663819,0.04026281223486566,0.0,0.0,0.001,"(100, 25, 100)",6,"{'NN__alpha': 0.001, 'NN__hidden_layer_sizes': (100, 25, 100), 'km__n_clusters': 6}",0.5,0.4999999999999999,0.5,0.5000000000000002,0.5,0.5,1.1100485572673378e-16,79,0.5,0.5,0.5,0.5,0.5,0.5,0.0
215,0.8719568729400635,0.025011400206900035,0.0,0.0,0.001,"(100, 25, 100)",7,"{'NN__alpha': 0.001, 'NN__hidden_layer_sizes': (100, 25, 100), 'km__n_clusters': 7}",0.5,0.4999999999999999,0.5,0.5000000000000002,0.5,0.5,1.1100485572673378e-16,79,0.5,0.5,0.5,0.5,0.5,0.5,0.0
216,0.921931266784668,0.0513494493608257,0.006250333786010742,0.007655064258184225,0.001,"(100, 25, 100)",8,"{'NN__alpha': 0.001, 'NN__hidden_layer_sizes': (100, 25, 100), 'km__n_clusters': 8}",0.5,0.4999999999999999,0.5,0.5000000000000002,0.5,0.5,1.1100485572673378e-16,79,0.5,0.5,0.5,0.5,0.5,0.5,0.0
217,1.2156500339508056,0.6664547664689019,0.0062500953674316405,0.007654772248455406,0.001,"(100, 25, 100)",9,"{'NN__alpha': 0.001, 'NN__hidden_layer_sizes': (100, 25, 100), 'km__n_clusters': 9}",0.9724986730360936,0.4999999999999999,0.5,0.5000000000000002,0.5,0.5945888292658679,0.18906625740801208,38,0.978276342011198,0.5,0.5,0.5,0.5,0.5956552684022396,0.19131053680447918
218,1.009432077407837,0.06445150087396843,0.00937480926513672,0.007654499713814004,0.001,"(100, 25, 100)",10,"{'NN__alpha': 0.001, 'NN__hidden_layer_sizes': (100, 25, 100), 'km__n_clusters': 10}",0.5,0.4999999999999999,0.5,0.5000000000000002,0.5,0.5,1.1100485572673378e-16,79,0.5,0.5,0.5,0.5,0.5,0.5,0.0
219,2.453394317626953,0.06016959906903158,0.0031253337860107423,0.0062506675720214845,0.001,"(100, 25, 100)",15,"{'NN__alpha': 0.001, 'NN__hidden_layer_sizes': (100, 25, 100), 'km__n_clusters': 15}",0.9788680997876859,0.9788680997876856,0.9746417197452231,0.9808493589743591,0.9894143782452761,0.980522645223338,0.004880445822322906,13,0.9862294325951847,0.9848925408767544,0.9788145116848996,0.9719392991930773,0.9825533293460924,0.9808858227392017,0.005132624043426684
220,1.915845775604248,0.6161341911355686,0.003124856948852539,0.006249713897705078,0.001,"(100, 25, 100)",20,"{'NN__alpha': 0.001, 'NN__hidden_layer_sizes': (100, 25, 100), 'km__n_clusters': 20}",0.9544320594479831,0.4999999999999999,0.5,0.5000000000000002,0.5,0.5909720998957779,0.18183705823758425,42,0.9726511578348015,0.5,0.5,0.5,0.5,0.5945302315669603,0.18906046313392058
221,3.1877840995788573,0.44068387445146784,0.0031256675720214844,0.006251335144042969,0.001,"(100, 25, 100)",25,"{'NN__alpha': 0.001, 'NN__hidden_layer_sizes': (100, 25, 100), 'km__n_clusters': 25}",0.9821125265392783,0.9809514331210191,0.9809514331210192,0.9926282051282054,0.990458219581393,0.9854149318345136,0.005063136914808598,2,0.9873057719425885,0.9872716420792912,0.9864729200345628,0.9815244682362971,0.9844086423444978,0.9853966889274475,0.0022040258531733563
222,3.181443929672241,0.17994159002199192,0.0031251430511474608,0.0062502861022949215,0.001,"(100, 25, 100)",30,"{'NN__alpha': 0.001, 'NN__hidden_layer_sizes': (100, 25, 100), 'km__n_clusters': 30}",0.9810111464968155,0.9756833864118896,0.9767250530785562,0.9904647435897437,0.990458219581393,0.9828613521782359,0.006450559403346696,6,0.9843543712030527,0.9856741979898341,0.9796132337296282,0.9798821987461903,0.9825371311802233,0.9824122265697856,0.002394300991557624
223,3.5816858768463136,0.293382337974911,0.006250762939453125,0.007655589865744985,0.001,"(100, 25, 100)",35,"{'NN__alpha': 0.001, 'NN__hidden_layer_sizes': (100, 25, 100), 'km__n_clusters': 35}",0.9799694798301488,0.9735403397027601,0.9702959129511678,0.9947115384615386,0.990458219581393,0.9817855938051792,0.009439395359890038,9,0.9880874290556683,0.9878439416162904,0.9739539196899344,0.9806480648064805,0.9865405701754385,0.9834147850687623,0.005447646772874022
224,3.334671211242676,0.28693157080871534,0.0031252384185791017,0.0062504768371582035,0.001,"(100, 25, 100)",40,"{'NN__alpha': 0.001, 'NN__hidden_layer_sizes': (100, 25, 100), 'km__n_clusters': 40}",0.9788680997876859,0.9671709129511677,0.9724389596602973,0.993669871794872,0.9861356458433703,0.9796482218699994,0.009454510245322989,17,0.9872716420792912,0.9827569271135957,0.9827398621819471,0.9828430211442196,0.9772154106858054,0.9825653726409718,0.0031910905143864078
225,0.4374978542327881,0.013976117982168756,0.003124713897705078,0.006249427795410156,0.0001,"(50, 50)",2,"{'NN__alpha': 0.0001, 'NN__hidden_layer_sizes': (50, 50), 'km__n_clusters': 2}",0.5,0.4999999999999999,0.5,0.5000000000000002,0.5,0.5,1.1100485572673378e-16,79,0.5,0.5,0.5,0.5,0.5,0.5,0.0
226,0.481383228302002,0.020672790596568114,0.003124713897705078,0.006249427795410156,0.0001,"(50, 50)",3,"{'NN__alpha': 0.0001, 'NN__hidden_layer_sizes': (50, 50), 'km__n_clusters': 3}",0.5,0.4999999999999999,0.5,0.5000000000000002,0.5,0.5,1.1100485572673378e-16,79,0.5,0.5,0.5,0.5,0.5,0.5,0.0
227,0.5093913555145264,0.023390506174997105,0.009374856948852539,0.007654538649880296,0.0001,"(50, 50)",4,"{'NN__alpha': 0.0001, 'NN__hidden_layer_sizes': (50, 50), 'km__n_clusters': 4}",0.5,0.4999999999999999,0.5,0.5000000000000002,0.5,0.5,1.1100485572673378e-16,79,0.5,0.5,0.5,0.5,0.5,0.5,0.0
228,0.528150987625122,0.024984867223899237,0.0,0.0,0.0001,"(50, 50)",5,"{'NN__alpha': 0.0001, 'NN__hidden_layer_sizes': (50, 50), 'km__n_clusters': 5}",0.5,0.4999999999999999,0.5,0.5000000000000002,0.5,0.5,1.1100485572673378e-16,79,0.5,0.5,0.5,0.5,0.5,0.5,0.0
229,0.5781219005584717,0.04074464931625975,0.0,0.0,0.0001,"(50, 50)",6,"{'NN__alpha': 0.0001, 'NN__hidden_layer_sizes': (50, 50), 'km__n_clusters': 6}",0.5,0.4999999999999999,0.5,0.5000000000000002,0.5,0.5,1.1100485572673378e-16,79,0.5,0.5,0.5,0.5,0.5,0.5,0.0
230,0.6093709468841553,0.03827286843293108,0.003124904632568359,0.0062498092651367175,0.0001,"(50, 50)",7,"{'NN__alpha': 0.0001, 'NN__hidden_layer_sizes': (50, 50), 'km__n_clusters': 7}",0.5,0.4999999999999999,0.5,0.5000000000000002,0.5,0.5,1.1100485572673378e-16,79,0.5,0.5,0.5,0.5,0.5,0.5,0.0
231,0.656246566772461,0.0441938029526135,0.0062500953674316405,0.012500190734863281,0.0001,"(50, 50)",8,"{'NN__alpha': 0.0001, 'NN__hidden_layer_sizes': (50, 50), 'km__n_clusters': 8}",0.5,0.6288216560509553,0.5,0.5000000000000002,0.5,0.5257886219058638,0.05154687149945878,54,0.5,0.6629630215417708,0.5,0.5,0.5,0.5325926043083541,0.06518520861670832
232,0.6973823547363281,0.06296633079684603,0.0031252384185791017,0.0062504768371582035,0.0001,"(50, 50)",9,"{'NN__alpha': 0.0001, 'NN__hidden_layer_sizes': (50, 50), 'km__n_clusters': 9}",0.5,0.4999999999999999,0.5,0.5000000000000002,0.5,0.5,1.1100485572673378e-16,79,0.5,0.5,0.5,0.5,0.5,0.5,0.0
233,0.7940521240234375,0.05715644025296987,0.006249523162841797,0.007654071448274681,0.0001,"(50, 50)",10,"{'NN__alpha': 0.0001, 'NN__hidden_layer_sizes': (50, 50), 'km__n_clusters': 10}",0.5,0.4999999999999999,0.5,0.5000000000000002,0.5,0.5,1.1100485572673378e-16,79,0.5,0.5,0.5,0.5,0.5,0.5,0.0
234,1.6439358234405517,0.9189673302372225,0.0,0.0,0.0001,"(50, 50)",15,"{'NN__alpha': 0.0001, 'NN__hidden_layer_sizes': (50, 50), 'km__n_clusters': 15}",0.5,0.4999999999999999,0.9736000530785563,0.5000000000000002,0.973388737219635,0.6892787812525167,0.2319396924171505,31,0.5,0.5,0.9761577931796879,0.5,0.9512086323763957,0.6854732851112167,0.22729442425497132
235,1.006632423400879,0.02115155401508617,0.003125286102294922,0.006250572204589844,0.0001,"(50, 50)",20,"{'NN__alpha': 0.0001, 'NN__hidden_layer_sizes': (50, 50), 'km__n_clusters': 20}",0.5,0.4999999999999999,0.5,0.5000000000000002,0.5,0.5,1.1100485572673378e-16,79,0.5,0.5,0.5,0.5,0.5,0.5,0.0
236,2.0533047199249266,0.722698631629379,0.0031246662139892576,0.006249332427978514,0.0001,"(50, 50)",25,"{'NN__alpha': 0.0001, 'NN__hidden_layer_sizes': (50, 50), 'km__n_clusters': 25}",0.9799097664543526,0.4999999999999999,0.9566348195329087,0.5000000000000002,0.9915020609175099,0.7855696762905419,0.23346739142075415,28,0.982218757439894,0.5,0.9623360309799265,0.5,0.9836111941786283,0.7856331965196898,0.23333996997246195
237,2.831455039978027,0.1817858265510498,0.003124856948852539,0.006249713897705078,0.0001,"(50, 50)",30,"{'NN__alpha': 0.0001, 'NN__hidden_layer_sizes': (50, 50), 'km__n_clusters': 30}",0.9406515392781317,0.9406515392781315,0.9703556263269639,0.9798076923076925,0.9850918045072534,0.9632927665557555,0.01909383145040972,22,0.9630835582297089,0.9601150925585242,0.974265666855907,0.9705891641795757,0.966588167862839,0.9669283299373109,0.005070629225382457
238,1.8970977783203125,0.3227830679001017,0.00624995231628418,0.007654597046182335,0.0001,"(50, 50)",35,"{'NN__alpha': 0.0001, 'NN__hidden_layer_sizes': (50, 50), 'km__n_clusters': 35}",0.5,0.4999999999999999,0.5,0.5000000000000002,0.5,0.5,1.1100485572673378e-16,79,0.5,0.5,0.5,0.5,0.5,0.5,0.0
239,5.374865102767944,1.6123237749663273,0.0031249523162841797,0.006249904632568359,0.0001,"(50, 50)",40,"{'NN__alpha': 0.0001, 'NN__hidden_layer_sizes': (50, 50), 'km__n_clusters': 40}",0.9713972929936305,0.9735403397027601,0.9746417197452231,0.981971153846154,0.9915020609175099,0.9786013545047393,0.0073578455593311335,21,0.980621313350437,0.986750537337238,0.9777552372691446,0.9706365373379444,0.9846690590111643,0.9800865368611855,0.005664483140948307
240,0.19062404632568358,0.015309067567399425,0.0,0.0,0.0001,"(50,)",2,"{'NN__alpha': 0.0001, 'NN__hidden_layer_sizes': (50,), 'km__n_clusters': 2}",0.5,0.4999999999999999,0.5,0.5000000000000002,0.5,0.5,1.1100485572673378e-16,79,0.5,0.5,0.5,0.5,0.5,0.5,0.0
241,0.24062299728393555,0.0159339590608293,0.0,0.0,0.0001,"(50,)",3,"{'NN__alpha': 0.0001, 'NN__hidden_layer_sizes': (50,), 'km__n_clusters': 3}",0.5,0.4999999999999999,0.5,0.5000000000000002,0.5,0.5,1.1100485572673378e-16,79,0.5,0.5,0.5,0.5,0.5,0.5,0.0
242,0.2937473773956299,0.025000476847162455,0.0,0.0,0.0001,"(50,)",4,"{'NN__alpha': 0.0001, 'NN__hidden_layer_sizes': (50,), 'km__n_clusters': 4}",0.5,0.4999999999999999,0.5,0.5000000000000002,0.5,0.5,1.1100485572673378e-16,79,0.5,0.5,0.5,0.5,0.5,0.5,0.0
243,0.28437294960021975,0.011692972448621258,0.0031249523162841797,0.006249904632568359,0.0001,"(50,)",5,"{'NN__alpha': 0.0001, 'NN__hidden_layer_sizes': (50,), 'km__n_clusters': 5}",0.5,0.4999999999999999,0.5,0.5000000000000002,0.5,0.5,1.1100485572673378e-16,79,0.5,0.5,0.5,0.5,0.5,0.5,0.0
244,0.3249981880187988,0.022963492646931413,0.0,0.0,0.0001,"(50,)",6,"{'NN__alpha': 0.0001, 'NN__hidden_layer_sizes': (50,), 'km__n_clusters': 6}",0.5,0.4999999999999999,0.5,0.5000000000000002,0.5268320753706975,0.5053546096355729,0.01072396591625434,59,0.5,0.5,0.5,0.5,0.5094061503189792,0.5018812300637958,0.0037624601275916716
245,0.321873140335083,0.01593450144166423,0.003124904632568359,0.0062498092651367175,0.0001,"(50,)",7,"{'NN__alpha': 0.0001, 'NN__hidden_layer_sizes': (50,), 'km__n_clusters': 7}",0.5,0.4999999999999999,0.5,0.5000000000000002,0.5,0.5,1.1100485572673378e-16,79,0.5,0.5,0.5,0.5,0.5,0.5,0.0
246,0.3593730926513672,0.034233486896858685,0.0,0.0,0.0001,"(50,)",8,"{'NN__alpha': 0.0001, 'NN__hidden_layer_sizes': (50,), 'km__n_clusters': 8}",0.5,0.4999999999999999,0.5,0.5000000000000002,0.5,0.5,1.1100485572673378e-16,79,0.5,0.5,0.5,0.5,0.5,0.5,0.0
247,0.3874972343444824,0.028641212554115836,0.0,0.0,0.0001,"(50,)",9,"{'NN__alpha': 0.0001, 'NN__hidden_layer_sizes': (50,), 'km__n_clusters': 9}",0.5,0.4999999999999999,0.5,0.5000000000000002,0.5,0.5,1.1100485572673378e-16,79,0.5,0.5,0.5,0.5,0.5,0.5,0.0
248,0.4499968528747559,0.03750025431998905,0.0031248092651367187,0.006249618530273437,0.0001,"(50,)",10,"{'NN__alpha': 0.0001, 'NN__hidden_layer_sizes': (50,), 'km__n_clusters': 10}",0.5,0.4999999999999999,0.5,0.5000000000000002,0.5,0.5,1.1100485572673378e-16,79,0.5,0.5,0.5,0.5,0.5,0.5,0.0
249,0.58970947265625,0.05733814563858978,0.006250572204589844,0.007655356274595231,0.0001,"(50,)",15,"{'NN__alpha': 0.0001, 'NN__hidden_layer_sizes': (50,), 'km__n_clusters': 15}",0.5,0.4999999999999999,0.5,0.5000000000000002,0.5,0.5,1.1100485572673378e-16,79,0.5,0.5,0.5,0.5,0.5,0.5,0.0
250,0.7446201801300049,0.01610986689718349,0.006250619888305664,0.007655414713964048,0.0001,"(50,)",20,"{'NN__alpha': 0.0001, 'NN__hidden_layer_sizes': (50,), 'km__n_clusters': 20}",0.5,0.4999999999999999,0.5,0.5000000000000002,0.5,0.5,1.1100485572673378e-16,79,0.5,0.5,0.5,0.5,0.5,0.5,0.0
251,0.981325101852417,0.09999940395586863,0.006249809265136718,0.012499618530273435,0.0001,"(50,)",25,"{'NN__alpha': 0.0001, 'NN__hidden_layer_sizes': (50,), 'km__n_clusters': 25}",0.5,0.4999999999999999,0.5,0.5000000000000002,0.5,0.5,1.1100485572673378e-16,79,0.5,0.5,0.5,0.5,0.5,0.5,0.0
252,1.4001188278198242,0.07691635135445592,0.0062504768371582035,0.007655239487188562,0.0001,"(50,)",30,"{'NN__alpha': 0.0001, 'NN__hidden_layer_sizes': (50,), 'km__n_clusters': 30}",0.5,0.4989583333333332,0.5,0.5000000000000002,0.5,0.499791470249319,0.0004168139073658994,296,0.5,0.4997394476289734,0.5,0.5,0.5,0.49994788952579466,0.00010422094841064933
253,1.5282138347625733,0.22239232066299822,0.003125,0.006250000000000001,0.0001,"(50,)",35,"{'NN__alpha': 0.0001, 'NN__hidden_layer_sizes': (50,), 'km__n_clusters': 35}",0.5,0.4999999999999999,0.5,0.5000000000000002,0.5,0.5,1.1100485572673378e-16,79,0.5,0.5,0.5,0.5,0.5,0.5,0.0
254,2.218818998336792,1.3913305755627654,0.00625,0.007654655447682631,0.0001,"(50,)",40,"{'NN__alpha': 0.0001, 'NN__hidden_layer_sizes': (50,), 'km__n_clusters': 40}",0.5,0.4999999999999999,0.5,0.5000000000000002,0.5,0.5,1.1100485572673378e-16,79,0.5,0.5,0.5,0.5,0.5,0.5,0.0
255,0.18440332412719726,0.00626390001800668,0.0031246185302734376,0.006249237060546875,0.0001,"(25,)",2,"{'NN__alpha': 0.0001, 'NN__hidden_layer_sizes': (25,), 'km__n_clusters': 2}",0.5,0.5031847133757961,0.5,0.5000000000000002,0.5,0.5006375431867952,0.001274335512965541,71,0.5007987220447284,0.5,0.5,0.5,0.5,0.5001597444089457,0.0003194888178913668
256,0.21249794960021973,0.007655220004923513,0.0,0.0,0.0001,"(25,)",3,"{'NN__alpha': 0.0001, 'NN__hidden_layer_sizes': (25,), 'km__n_clusters': 3}",0.5,0.4999999999999999,0.5,0.5000000000000002,0.5,0.5,1.1100485572673378e-16,79,0.5,0.5,0.5,0.5,0.5,0.5,0.0
257,0.23749709129333496,0.026882909467790084,0.0,0.0,0.0001,"(25,)",4,"{'NN__alpha': 0.0001, 'NN__hidden_layer_sizes': (25,), 'km__n_clusters': 4}",0.5,0.4999999999999999,0.5,0.5000000000000002,0.5,0.5,1.1100485572673378e-16,79,0.5,0.5,0.5,0.5,0.5,0.5,0.0
258,0.28437299728393556,0.020728272348133008,0.0,0.0,0.0001,"(25,)",5,"{'NN__alpha': 0.0001, 'NN__hidden_layer_sizes': (25,), 'km__n_clusters': 5}",0.49895833333333334,0.4999999999999999,0.5,0.5000000000000002,0.5,0.499791470249319,0.0004168139073658439,296,0.5,0.5,0.5,0.5,0.5,0.5,0.0
259,0.2937482833862305,0.03479751668884725,0.0,0.0,0.0001,"(25,)",6,"{'NN__alpha': 0.0001, 'NN__hidden_layer_sizes': (25,), 'km__n_clusters': 6}",0.5,0.4999999999999999,0.5,0.5000000000000002,0.5,0.5,1.1100485572673378e-16,79,0.5,0.5,0.5,0.5,0.5,0.5,0.0
260,0.3249985218048096,0.02296353808163394,0.006249523162841797,0.007654071442333433,0.0001,"(25,)",7,"{'NN__alpha': 0.0001, 'NN__hidden_layer_sizes': (25,), 'km__n_clusters': 7}",0.5,0.4999999999999999,0.5,0.5000000000000002,0.5,0.5,1.1100485572673378e-16,79,0.5,0.5,0.5,0.5,0.5,0.5,0.0
261,0.3437487125396729,0.031249213223554884,0.0,0.0,0.0001,"(25,)",8,"{'NN__alpha': 0.0001, 'NN__hidden_layer_sizes': (25,), 'km__n_clusters': 8}",0.5,0.4999999999999999,0.5063694267515924,0.5524839743589746,0.5032051282051282,0.5124048991022403,0.020170705026978434,56,0.5,0.5,0.5023961661341854,0.5510840557739984,0.5015948963317384,0.5110150236479845,0.020055983301470466
262,0.35312299728393554,0.03365662040486437,0.0031246185302734376,0.006249237060546876,0.0001,"(25,)",9,"{'NN__alpha': 0.0001, 'NN__hidden_layer_sizes': (25,), 'km__n_clusters': 9}",0.5,0.4999999999999999,0.5,0.5000000000000002,0.5,0.5,1.1100485572673378e-16,79,0.5,0.5,0.5,0.5,0.5,0.5,0.0
263,0.4468723773956299,0.03061742945785332,0.0,0.0,0.0001,"(25,)",10,"{'NN__alpha': 0.0001, 'NN__hidden_layer_sizes': (25,), 'km__n_clusters': 10}",0.5,0.4999999999999999,0.5,0.5000000000000002,0.5,0.5,1.1100485572673378e-16,79,0.5,0.5,0.5,0.5,0.5,0.5,0.0
264,0.5312477588653565,0.0356306284141927,0.003124904632568359,0.0062498092651367175,0.0001,"(25,)",15,"{'NN__alpha': 0.0001, 'NN__hidden_layer_sizes': (25,), 'km__n_clusters': 15}",0.5,0.4999999999999999,0.5,0.5000000000000002,0.5,0.5,1.1100485572673378e-16,79,0.5,0.5,0.5,0.5,0.5,0.5,0.0
265,0.7156227111816407,0.015308843716038054,0.006249570846557617,0.0076541298430911585,0.0001,"(25,)",20,"{'NN__alpha': 0.0001, 'NN__hidden_layer_sizes': (25,), 'km__n_clusters': 20}",0.5063694267515924,0.5063694267515922,0.5021430467091295,0.5032051282051284,0.5,0.5036198089169408,0.0024724068732313253,63,0.5053305019420724,0.5029343358078872,0.5039936102236421,0.5021317921265812,0.5005370314992025,0.5029854543198771,0.0016273753855820202
266,0.8937448501586914,0.0708480571996521,0.006249713897705078,0.007654305164185628,0.0001,"(25,)",25,"{'NN__alpha': 0.0001, 'NN__hidden_layer_sizes': (25,), 'km__n_clusters': 25}",0.5,0.4999999999999999,0.5,0.5000000000000002,0.5,0.5,1.1100485572673378e-16,79,0.5,0.5,0.5,0.5,0.5,0.5,0.0
267,0.9883726596832275,0.07874827269678576,0.0,0.0,0.0001,"(25,)",30,"{'NN__alpha': 0.0001, 'NN__hidden_layer_sizes': (25,), 'km__n_clusters': 30}",0.5,0.4999999999999999,0.5,0.5000000000000002,0.5,0.5,1.1100485572673378e-16,79,0.5,0.5,0.5,0.5,0.5,0.5,0.0
268,1.2762596130371093,0.04485255656948516,0.003125,0.006250000000000001,0.0001,"(25,)",35,"{'NN__alpha': 0.0001, 'NN__hidden_layer_sizes': (25,), 'km__n_clusters': 35}",0.5,0.4999999999999999,0.5,0.5000000000000002,0.5,0.5,1.1100485572673378e-16,79,0.5,0.5,0.5,0.5,0.5,0.5,0.0
269,1.2602453231811523,0.10563945401210018,0.0031250953674316407,0.006250190734863281,0.0001,"(25,)",40,"{'NN__alpha': 0.0001, 'NN__hidden_layer_sizes': (25,), 'km__n_clusters': 40}",0.5,0.4999999999999999,0.5,0.5000000000000002,0.5,0.5,1.1100485572673378e-16,79,0.5,0.5,0.5,0.5,0.5,0.5,0.0
270,0.20624909400939942,0.00625069142547417,0.003124856948852539,0.006249713897705078,0.0001,"(25, 25)",2,"{'NN__alpha': 0.0001, 'NN__hidden_layer_sizes': (25, 25), 'km__n_clusters': 2}",0.5,0.5031847133757961,0.5,0.5000000000000002,0.5,0.5006375431867952,0.001274335512965541,71,0.5007987220447284,0.5,0.5007987220447284,0.5,0.5,0.5003194888178915,0.0003912922911794129
271,0.2656227111816406,0.013975531506262203,0.003124856948852539,0.006249713897705078,0.0001,"(25, 25)",3,"{'NN__alpha': 0.0001, 'NN__hidden_layer_sizes': (25, 25), 'km__n_clusters': 3}",0.5063694267515924,0.4999999999999999,0.5021430467091295,0.5032051282051284,0.5,0.5023447225433505,0.0023656963622014165,69,0.5021356137631587,0.5,0.5047923322683705,0.5029292402924503,0.5037268241626794,0.5027168020973318,0.00161814051095519
272,0.27187318801879884,0.01593467917368406,0.003125,0.00625,0.0001,"(25, 25)",4,"{'NN__alpha': 0.0001, 'NN__hidden_layer_sizes': (25, 25), 'km__n_clusters': 4}",0.5,0.4999999999999999,0.5,0.5000000000000002,0.5,0.5,1.1100485572673378e-16,79,0.5,0.5,0.5,0.5,0.5,0.5,0.0
273,0.2881641387939453,0.007796597241307655,0.006249666213989258,0.0076542466884222905,0.0001,"(25, 25)",5,"{'NN__alpha': 0.0001, 'NN__hidden_layer_sizes': (25, 25), 'km__n_clusters': 5}",0.5,0.4999999999999999,0.5,0.5000000000000002,0.5,0.5,1.1100485572673378e-16,79,0.5,0.5,0.5,0.5,0.5,0.5,0.0
274,0.33487586975097655,0.02141836571686949,0.006249618530273437,0.00765418824904739,0.0001,"(25, 25)",6,"{'NN__alpha': 0.0001, 'NN__hidden_layer_sizes': (25, 25), 'km__n_clusters': 6}",0.5,0.4999999999999999,0.5,0.5000000000000002,0.5,0.5,1.1100485572673378e-16,79,0.5,0.5,0.5,0.5,0.5,0.5,0.0
275,0.36562223434448243,0.01593439859772185,0.009375190734863282,0.007654811218185431,0.0001,"(25, 25)",7,"{'NN__alpha': 0.0001, 'NN__hidden_layer_sizes': (25, 25), 'km__n_clusters': 7}",0.5,0.4999999999999999,0.5,0.5000000000000002,0.5,0.5,1.1100485572673378e-16,79,0.5,0.5,0.5,0.5,0.5,0.5,0.0
276,0.42499780654907227,0.030296405613527096,0.006249284744262696,0.007653779443743514,0.0001,"(25, 25)",8,"{'NN__alpha': 0.0001, 'NN__hidden_layer_sizes': (25, 25), 'km__n_clusters': 8}",0.5,0.4999999999999999,0.5,0.5000000000000002,0.5,0.5,1.1100485572673378e-16,79,0.5,0.5,0.5,0.5,0.5,0.5,0.0
277,0.4374971866607666,0.01976393383594864,0.009375,0.00765465549223859,0.0001,"(25, 25)",9,"{'NN__alpha': 0.0001, 'NN__hidden_layer_sizes': (25, 25), 'km__n_clusters': 9}",0.5,0.4999999999999999,0.5,0.5000000000000002,0.5,0.5,1.1100485572673378e-16,79,0.5,0.5,0.5,0.5,0.5,0.5,0.0
278,0.45937361717224123,0.02897994468747898,0.012499475479125976,0.006249737787540847,0.0001,"(25, 25)",10,"{'NN__alpha': 0.0001, 'NN__hidden_layer_sizes': (25, 25), 'km__n_clusters': 10}",0.5,0.4999999999999999,0.5,0.5000000000000002,0.5,0.5,1.1100485572673378e-16,79,0.5,0.5,0.5,0.5,0.5,0.5,0.0
279,0.5968738555908203,0.030297994283483533,0.006249618530273437,0.007654188256473836,0.0001,"(25, 25)",15,"{'NN__alpha': 0.0001, 'NN__hidden_layer_sizes': (25, 25), 'km__n_clusters': 15}",0.5,0.4999999999999999,0.5,0.5000000000000002,0.5,0.5,1.1100485572673378e-16,79,0.5,0.5,0.5,0.5,0.5,0.5,0.0
280,0.7687469482421875,0.030297010581627794,0.02499842643737793,0.012500525074278316,0.0001,"(25, 25)",20,"{'NN__alpha': 0.0001, 'NN__hidden_layer_sizes': (25, 25), 'km__n_clusters': 20}",0.5,0.4999999999999999,0.5,0.5000000000000002,0.5,0.5,1.1100485572673378e-16,79,0.5,0.5,0.5,0.5,0.5,0.5,0.0
281,0.9749936580657959,0.09911667989571141,0.025,0.015934108711745363,0.0001,"(25, 25)",25,"{'NN__alpha': 0.0001, 'NN__hidden_layer_sizes': (25, 25), 'km__n_clusters': 25}",0.5,0.4999999999999999,0.6541467622080681,0.5000000000000002,0.5,0.5308584184558577,0.06168049369318749,47,0.5,0.5,0.6538540940019679,0.5,0.5,0.5307708188003936,0.061541637600787166
282,1.0318991661071777,0.042918577334265226,0.0031250953674316407,0.006250190734863282,0.0001,"(25, 25)",30,"{'NN__alpha': 0.0001, 'NN__hidden_layer_sizes': (25, 25), 'km__n_clusters': 30}",0.5,0.4999999999999999,0.5,0.5000000000000002,0.5,0.5,1.1100485572673378e-16,79,0.5,0.5,0.5,0.5,0.5,0.5,0.0
283,1.2876618385314942,0.12899718343888422,0.009374475479125977,0.007654227212839021,0.0001,"(25, 25)",35,"{'NN__alpha': 0.0001, 'NN__hidden_layer_sizes': (25, 25), 'km__n_clusters': 35}",0.5,0.4999999999999999,0.5,0.5000000000000002,0.5,0.5,1.1100485572673378e-16,79,0.5,0.5,0.5,0.5,0.5,0.5,0.0
284,1.5545197486877442,0.28896806520661916,0.0031254768371582033,0.006250953674316406,0.0001,"(25, 25)",40,"{'NN__alpha': 0.0001, 'NN__hidden_layer_sizes': (25, 25), 'km__n_clusters': 40}",0.9533903927813163,0.4999999999999999,0.5,0.5000000000000002,0.9861356458433703,0.6877768118517406,0.23033192258463495,33,0.9686746125428082,0.5,0.5,0.5,0.971356658692185,0.6880062542469986,0.23026125768599326
285,0.8376728057861328,0.09843322031262135,0.0,0.0,0.0001,"(100, 25, 100)",2,"{'NN__alpha': 0.0001, 'NN__hidden_layer_sizes': (100, 25, 100), 'km__n_clusters': 2}",0.5,0.4999999999999999,0.5,0.5000000000000002,0.5,0.5,1.1100485572673378e-16,79,0.5,0.5,0.5,0.5,0.5,0.5,0.0
286,0.7098180294036865,0.04697964751927643,0.0031246662139892576,0.006249332427978515,0.0001,"(100, 25, 100)",3,"{'NN__alpha': 0.0001, 'NN__hidden_layer_sizes': (100, 25, 100), 'km__n_clusters': 3}",0.5,0.4999999999999999,0.5,0.5000000000000002,0.5,0.5,1.1100485572673378e-16,79,0.5,0.5,0.5,0.5,0.5,0.5,0.0
287,0.7906188488006591,0.0437491894990954,0.003125,0.00625,0.0001,"(100, 25, 100)",4,"{'NN__alpha': 0.0001, 'NN__hidden_layer_sizes': (100, 25, 100), 'km__n_clusters': 4}",0.5,0.4999999999999999,0.5,0.5000000000000002,0.5,0.5,1.1100485572673378e-16,79,0.5,0.5,0.5,0.5,0.5,0.5,0.0
288,0.8312824726104736,0.05178085025498527,0.003124856948852539,0.006249713897705078,0.0001,"(100, 25, 100)",5,"{'NN__alpha': 0.0001, 'NN__hidden_layer_sizes': (100, 25, 100), 'km__n_clusters': 5}",0.5,0.4999999999999999,0.5,0.5000000000000002,0.5,0.5,1.1100485572673378e-16,79,0.5,0.5,0.5,0.5,0.5,0.5,0.0
289,0.8408034324645997,0.036174725122362215,0.0,0.0,0.0001,"(100, 25, 100)",6,"{'NN__alpha': 0.0001, 'NN__hidden_layer_sizes': (100, 25, 100), 'km__n_clusters': 6}",0.5,0.4999999999999999,0.5,0.5000000000000002,0.5,0.5,1.1100485572673378e-16,79,0.5,0.5,0.5,0.5,0.5,0.5,0.0
290,0.9125701427459717,0.05103634952149981,0.003124904632568359,0.0062498092651367175,0.0001,"(100, 25, 100)",7,"{'NN__alpha': 0.0001, 'NN__hidden_layer_sizes': (100, 25, 100), 'km__n_clusters': 7}",0.5,0.4999999999999999,0.5,0.5000000000000002,0.5,0.5,1.1100485572673378e-16,79,0.5,0.5,0.5,0.5,0.5,0.5,0.0
291,0.9563521385192871,0.05358237400509291,0.006250715255737305,0.00765553148206526,0.0001,"(100, 25, 100)",8,"{'NN__alpha': 0.0001, 'NN__hidden_layer_sizes': (100, 25, 100), 'km__n_clusters': 8}",0.5,0.4999999999999999,0.5,0.5000000000000002,0.5,0.5,1.1100485572673378e-16,79,0.5,0.5,0.5,0.5,0.5,0.5,0.0
292,1.2656571865081787,0.7041358989015071,0.003125619888305664,0.006251239776611328,0.0001,"(100, 25, 100)",9,"{'NN__alpha': 0.0001, 'NN__hidden_layer_sizes': (100, 25, 100), 'km__n_clusters': 9}",0.970355626326964,0.4999999999999999,0.5,0.5000000000000002,0.5,0.5941598158297536,0.1882087358024123,39,0.9779987247085227,0.5,0.5,0.5,0.5,0.5955997449417045,0.19119948988340907
293,1.0375327587127685,0.04148043076667707,0.0031246662139892576,0.006249332427978515,0.0001,"(100, 25, 100)",10,"{'NN__alpha': 0.0001, 'NN__hidden_layer_sizes': (100, 25, 100), 'km__n_clusters': 10}",0.5,0.4999999999999999,0.5,0.5000000000000002,0.5,0.5,1.1100485572673378e-16,79,0.5,0.5,0.5,0.5,0.5,0.5,0.0
294,2.5440194606781006,0.04881369721283683,0.003124713897705078,0.006249427795410156,0.0001,"(100, 25, 100)",15,"{'NN__alpha': 0.0001, 'NN__hidden_layer_sizes': (100, 25, 100), 'km__n_clusters': 15}",0.9788680997876859,0.9788680997876856,0.9788680997876859,0.9808493589743591,0.9894143782452761,0.9813687181608141,0.004089908800673131,10,0.9864899849662113,0.9856912629214828,0.9788145116848996,0.9719392991930773,0.98123504784689,0.9808340213225122,0.005271395335186688
295,2.376517581939697,0.9008781051929169,0.0,0.0,0.0001,"(100, 25, 100)",20,"{'NN__alpha': 0.0001, 'NN__hidden_layer_sizes': (100, 25, 100), 'km__n_clusters': 20}",0.9746417197452231,0.4999999999999999,0.5,0.9947115384615386,0.5,0.6938979616402406,0.23752925820099605,29,0.9782592770795491,0.5,0.5,0.9819666177144029,0.5,0.6920451789587905,0.23520926975659145
296,2.777611255645752,0.5356671206296899,0.0,0.0,0.0001,"(100, 25, 100)",25,"{'NN__alpha': 0.0001, 'NN__hidden_layer_sizes': (100, 25, 100), 'km__n_clusters': 25}",0.983154193205945,0.4999999999999999,0.9809514331210192,0.9926282051282054,0.990458219581393,0.8893424864443743,0.19483463117417826,24,0.9848925408767546,0.5,0.9864729200345628,0.9817850206073238,0.9854827053429027,0.8877266373723088,0.19386965453796176
297,3.192022752761841,0.2168176687722189,0.0031250476837158202,0.006250095367431641,0.0001,"(100, 25, 100)",30,"{'NN__alpha': 0.0001, 'NN__hidden_layer_sizes': (100, 25, 100), 'km__n_clusters': 30}",0.9810111464968155,0.9756833864118896,0.9756833864118896,0.9904647435897437,0.9883705369091592,0.9822362044209968,0.006207665415982547,8,0.9843543712030527,0.9854136456188077,0.9777552372691448,0.9806796469120596,0.985498903508772,0.9827403609023673,0.0030482466280006286
298,3.4940265655517577,0.11464608944438036,0.00937480926513672,0.007654499721240148,0.0001,"(100, 25, 100)",35,"{'NN__alpha': 0.0001, 'NN__hidden_layer_sizes': (100, 25, 100), 'km__n_clusters': 35}",0.983154193205945,0.9735403397027601,0.9702959129511678,0.9947115384615386,0.990458219581393,0.9824231369919741,0.009402681190887567,7,0.98728870701094,0.9875833892452638,0.9763500858241196,0.9798506166406112,0.9857431220095693,0.9833631841461008,0.0044811972424731155
299,2.5314457416534424,0.535392279541399,0.006249809265136718,0.007654421844651832,0.0001,"(100, 25, 100)",40,"{'NN__alpha': 0.0001, 'NN__hidden_layer_sizes': (100, 25, 100), 'km__n_clusters': 40}",0.9788680997876859,0.9671709129511677,0.9724389596602973,0.993669871794872,0.9861356458433703,0.9796482218699994,0.009454510245322989,17,0.9872716420792912,0.9827569271135957,0.9843373062714039,0.9828430211442196,0.9780128588516747,0.983044351092037,0.0029993593530242366
